name,age,street,city,state,zip,lng,lat
Cindy Moore,30,535 Rivera Plains,Davidview,New Hampshire,29031,114.593745,-71.079301
Joshua Henderson,76,0034 Robert Forge,Port Matthew,Arkansas,06365,-151.383731,-40.8918235
Jennifer Collins,67,86148 Gary Lodge,Vaughanfurt,New Jersey,70015,112.517223,-24.221751
Sarah Davis,42,749 Jones Hills,Joshuaburgh,Montana,91536,142.603994,61.432283
Jenna Daniels,19,220 Welch Fall,Christopherstad,Idaho,74118,-19.391388,5.554336
Dr. Marissa Randolph DDS,50,232 Jarvis Pike Apt. 146,Pamelaport,West Virginia,28508,102.492087,24.788838
James Gonzalez,72,381 Rodriguez Parkway Suite 982,West Brookemouth,New Mexico,51611,144.671164,38.7615155
Tony Torres,33,2156 Jessica Cove,Griffinton,Tennessee,31374,140.866330,-46.0679425
Susan Russell,51,4698 Cassidy Trail Suite 306,Lake Joshualand,Wyoming,43250,70.693557,-84.8110895
Mary Owens,19,9786 Valerie Roads,Jesseburgh,Pennsylvania,78266,90.645413,64.1856185
Lisa Robinson,49,113 Amy Passage Apt. 080,Arielville,Washington,73959,-165.021118,-49.1446735
Michael Horne,28,335 Carson Fords Suite 627,Port Tammy,Colorado,05398,-136.255969,36.174021
Jennifer Williams,66,459 Sandra Rest Apt. 803,Wrighttown,North Dakota,18092,-125.508305,38.105878
Amber Phillips,65,386 Peterson Camp Suite 157,East Carolynmouth,Massachusetts,81282,10.198323,65.464051
Michael Jacobs,41,25227 Susan Mission,Lake Justinmouth,Indiana,34393,-6.857839,-31.333328
Ryan Andrews,71,7521 Gutierrez Key Apt. 072,Victoriahaven,Washington,45073,-79.098766,75.292640
Lisa Mitchell,32,57252 Frank Mount Apt. 163,West Emilytown,Maine,43026,-42.012177,64.842377
Matthew Clark,35,733 Williams Creek Suite 953,Port Robert,Utah,06468,111.761748,-61.5134505
James Banks,69,714 Harrison Corners,Port Shannon,Kansas,74476,52.898911,-36.5906405
Kelly Ellis,51,787 Salinas Field,Ashleyview,Maryland,47049,-148.887891,-25.6656425
Yolanda Contreras,78,285 Richard Loop,Teresaborough,Montana,92291,27.101635,-61.419567
Lauren Stevens,56,75715 Kendra Station,East Tiffany,Idaho,16720,79.668570,70.206042
Christine Weber,50,80154 Holmes Islands Apt. 952,Port Tina,Rhode Island,38309,-126.203577,42.3205005
Mark Hernandez,41,7356 Parker Estates Apt. 651,West Stephenberg,Wisconsin,66173,144.007029,85.343552
Robert Black,33,672 Smith Streets,Vazquezfurt,Oregon,18063,-45.790904,17.3108245
Bryan White,65,9358 Denise Plains,New Jackchester,Missouri,43328,-155.474059,39.699246
Maria Li,80,2176 Sarah Squares Suite 077,South Ashley,Michigan,98105,44.251242,-43.494488
Michelle Key,48,874 Kimberly River,Flemingburgh,Washington,34683,25.337290,40.131877
Jeremiah Dillon,48,47918 Fields Parks Apt. 560,East Lindatown,Oregon,30897,-4.022198,-69.7459175
John Melton,65,27406 Nguyen Views,Hannahstad,Kentucky,99003,14.613664,77.152838
Sabrina Marshall,46,5666 Frazier Islands Suite 804,Marisatown,New Hampshire,55838,-146.961525,9.5763635
Melissa Wright,72,784 Jessica Meadows,Natashaport,Florida,88178,53.192826,-31.2467655
Colleen Torres,48,07563 Moran Rest,East Danielle,Oregon,39180,117.307842,-26.4145945
Stephanie French,18,752 Jeffrey Flats,Lake Nicolefurt,Washington,66717,-110.403386,-44.923359
Matthew Martinez,66,6085 Shannon Green,East Jeffrey,Oregon,72178,-97.166521,53.119483
Ray Smith,52,8867 Clark Passage Suite 057,Edwardsside,North Dakota,67802,-93.842760,-8.307053
Danielle Smith,29,773 Ashley Neck Suite 665,West Marcusfurt,Arizona,70670,-172.684191,-48.6073245
Stephanie May,70,17652 Shaw Overpass Suite 748,Shelbyside,New Mexico,69018,-13.252691,-23.3409115
Richard Dillon,40,6379 Michael Mills,East Patricia,Maryland,72972,-80.427679,-22.1229465
David Campbell,54,54970 Marcia Via Apt. 651,Novakton,Alabama,92422,-31.549613,-80.0523485
Monica Jones,77,475 Allen Knolls Apt. 047,North Elizabethview,Connecticut,87754,72.664529,-40.993176
Jonathon Perez,47,9418 Wagner Lakes Suite 880,West Regina,Louisiana,83689,-5.261301,84.587650
Garrett Shea,39,623 Carla Rapids Apt. 447,Dawnmouth,Georgia,05396,-79.611581,29.324552
Jeffrey Powell,54,0590 Gary Fork,Josephberg,Oregon,91386,58.778935,85.812964
Amanda Jones,68,29672 Carol Mews,Lake Bryan,Idaho,08356,-94.348303,38.916890
Tanya Davis,44,0272 Williams Mount,Hudsonborough,Michigan,93705,41.441985,4.330972
Angel Jordan,77,176 Taylor Station Apt. 309,Parksfurt,Oklahoma,96080,123.879025,83.023481
Manuel Wilson,62,28058 Tapia Shores Apt. 375,Lake Sara,Wyoming,71993,-139.004066,-43.483531
Eddie Moyer,36,496 Deanna Underpass,West Ryan,Alaska,81592,169.030906,61.364392
James Davis,37,73098 Lynn Street Apt. 749,North Jose,Ohio,29200,27.550705,15.003632
Michael Simmons,31,6975 John Valley,New Whitneyside,Vermont,87616,9.577337,-54.990786
Stephanie Perez,60,312 Laura Fork,Virginiaburgh,Wisconsin,13652,-19.272082,-56.337684
Andrew Mills,26,475 Hernandez Wells Apt. 907,Suttonville,North Dakota,62838,-42.473734,30.3902845
Kathy Turner,48,9130 Wilson Fork,Lake Dawn,Wisconsin,51010,108.411163,-7.021381
Blake Campbell,71,467 Cody Harbor,East Paultown,Louisiana,62242,39.717892,54.4740925
Erika Hunt,67,70988 Anderson Green,Tinaside,Washington,29776,-157.555176,62.884272
Jessica Ho,38,344 Sutton Isle Suite 011,East David,Utah,18581,46.163524,40.674132
Hunter Lee,52,10960 Watson Junctions Apt. 486,West Annettefort,Georgia,78031,-124.841400,-83.927229
Brian Allen,77,280 Lopez Views,Laurabury,Indiana,55523,144.565650,21.0399455
Brett Clark,63,730 Kristi Plains Suite 777,Robertton,Oregon,99315,124.452910,-46.5825755
Dave Jones,48,8884 Jacob Plains Suite 192,Rachelstad,Connecticut,45735,-142.722601,-26.116758
Kathryn Kim,73,962 Jones Inlet,Port Paulmouth,South Carolina,62686,-146.006156,-33.942149
Michele Gross,34,297 Walker Springs Suite 667,West Claireview,Michigan,87458,-51.135339,45.4327575
James Gonzales,28,18515 Sanchez Groves,Dennishaven,Tennessee,94484,99.106350,-23.380801
Taylor Cook,34,480 Susan Motorway,Travisshire,North Dakota,17191,140.106682,75.4324485
Derek Evans,49,7685 Diana Haven Suite 366,West Michaelland,Ohio,54405,173.365470,-39.5156875
Nathaniel Shepard,68,2379 Davis Well Apt. 306,Lake John,Minnesota,23509,131.500277,-36.6899055
Nicholas Hale,70,71885 Ford Bridge,Port Stevenside,Connecticut,22462,-29.367247,-7.561715
Mrs. Kristie Willis,48,301 Adrian Crescent,Markville,Texas,46456,172.058390,-39.6482955
Jenny Jefferson,24,597 Natalie Summit Suite 725,South Nicolestad,Kansas,86872,-166.939478,-52.798900
Ricky Blair,26,304 Flores Plain,North Matthew,Mississippi,06640,36.135406,1.756635
Joshua Davis,70,0443 Bauer Manor,Matthewfurt,Minnesota,33406,27.715324,48.9572165
Nicholas Baker,61,45983 Timothy Underpass Apt. 592,Aliceville,Michigan,93087,145.373195,-55.746289
Nicole Esparza,57,416 Gonzalez Fields,Curtisside,Arizona,33987,-156.161070,-32.584390
Jillian Johnson MD,28,73398 Margaret Lock Suite 253,East Laurie,Michigan,88399,75.100025,-88.488939
Carl David,68,5850 Wagner Mount,Samuelshire,Maryland,21939,3.981439,18.195339
Lauren Cherry,19,99750 Sierra Pine Suite 561,Dixonland,New Jersey,03136,72.244303,6.3696765
Carol Dougherty,35,1792 Gabriel Corner Suite 867,Rogerstad,Florida,22372,87.832257,-66.7449765
Diane Dixon,80,75652 Amanda Island,Davisland,New York,11021,-38.268411,36.225244
Robert Diaz,71,4270 Kimberly Loaf Apt. 768,Lake Nicole,North Carolina,29385,90.980509,-60.1662005
James Pearson,72,412 Zachary Track Apt. 834,Jessicatown,Vermont,87133,163.247969,29.3414665
Fernando Lyons,57,831 Ortiz Divide,Lake Johnnyburgh,Arizona,19204,49.259118,-88.1132445
Melissa Hill,18,06588 Adkins Divide Suite 474,Lake Seanshire,New Mexico,08615,-149.026231,-8.018173
Tristan Vaughn,38,3023 Smith Courts,North Jessica,Mississippi,87775,-100.707347,-52.5914865
Jessica Bauer,63,87089 Daniel Divide,Josephmouth,Iowa,85034,-111.460920,-66.435392
Joseph Sutton,54,85709 Ayala Point,Greerhaven,Washington,02121,82.412735,61.191500
Eric Thomas,31,37520 Lowe Mission,North Kevin,West Virginia,55786,102.284063,-12.667461
Ethan Andrews,55,65897 Sims Expressway,New Briana,North Carolina,97825,179.203986,-88.2534225
Danielle Miranda,47,0324 Mark Fall,West Kaylatown,Florida,46740,161.784729,-5.2154665
Shawn Wright,19,82220 Bianca Passage Apt. 696,Brianmouth,Delaware,96877,-105.312665,-56.687853
Melanie Taylor,34,7610 Price Ford,Port Nicoleberg,Illinois,21805,155.141282,40.7621065
Michael Walters,52,861 Pamela Radial,East Sharonland,Indiana,87338,-110.975011,51.7006685
Michael Gibbs,56,9448 Sheppard Club,New Samanthaton,New York,11283,-11.963902,56.381129
Amber Robinson,61,8560 Goodwin Corners Suite 339,Port Samantha,Kentucky,69308,134.500788,72.4012265
Sarah Stone,43,54712 Leah Ramp Suite 639,Heatherview,South Dakota,73658,47.775333,-25.071348
Annette Gonzalez,37,634 Chang Spur,Frazierport,North Dakota,55947,-20.722483,67.152346
Steven Rocha,55,86770 Brady Station,Lake Zachary,Pennsylvania,86496,-98.299020,-17.807753
Faith Hayden,61,60303 Jorge Crest,Allenview,North Carolina,80532,-176.722236,72.584741
Jimmy Cowan,27,47348 Owens River,New Robertside,South Dakota,92902,-152.319832,-81.195690
Steven Franklin,65,364 Tammy Hill,New Lawrence,Arizona,83051,-172.005964,-69.8851205
Erica Gonzales,47,18484 Nicole Forks Suite 904,East Heather,Montana,08048,-158.260113,38.9101895
Martin Dawson,39,97543 Nixon Avenue,Hortonport,Alabama,76204,-10.888812,-48.3037935
Sara Anderson,54,9995 Megan Drives Suite 408,Davisshire,Georgia,37803,115.558034,-72.671800
Sandra Lee,44,11100 Bowers Creek Suite 021,Wallaceside,Massachusetts,56990,119.903913,-40.527484
Karen Anderson,44,5832 Bell Passage Suite 346,Brendachester,Ohio,78525,53.251221,-32.492897
Kathryn Chan,37,4145 Hall Locks,New Tracyland,Georgia,73959,-18.366806,-0.986435
Donna Larson,60,7639 Frederick Island,North Logantown,New Jersey,06883,2.783331,-27.0431845
Jose Allen,51,739 Maria Rest,Everetttown,Massachusetts,79652,-4.033411,5.919259
Paul Hartman,29,79749 Natalie Spurs,Jameston,South Carolina,23463,132.126615,-72.587850
Miguel Bautista,31,319 Christopher Rapids Apt. 080,Matthewside,Nebraska,15252,-7.171097,44.4445975
James Ramirez,52,8950 Wells Mills,Morristown,Wyoming,85379,-34.224483,4.7928385
Chad Little,60,15327 John Centers Apt. 594,Murrayborough,Wyoming,79628,114.469745,4.985124
Christopher Martin,33,8243 Johnson Shores Apt. 428,Tanyaberg,Massachusetts,25237,-177.433297,-1.3388705
Pamela Wright,67,0779 Moore Skyway Suite 558,Smithport,Montana,14699,-179.530013,-19.646635
Dr. John Greene,43,671 Danny Highway,Perezside,Kansas,74184,133.585142,61.536882
Deborah Castro,71,834 Robert Estate,North Anthony,New Jersey,51447,-132.397033,-7.093086
Colleen Jordan,72,0896 Mack Wall,Port Sarah,Florida,68988,14.674674,31.1753675
Kathleen Garcia,19,096 Hector Falls,East Stevenberg,New Jersey,79048,-143.332488,10.5964025
Dr. Bryan Kramer,55,4756 Caldwell Squares,Davisport,West Virginia,33459,156.690739,-0.790658
Mary Smith,32,36515 Linda Square,Avilafurt,Missouri,68621,55.739547,-39.837095
Ashley Smith,65,046 Kenneth Crest Suite 824,Josephburgh,South Carolina,29267,76.762922,41.280318
Todd Ryan,19,0711 Jason Key Suite 040,Michellebury,Virginia,04885,-114.941838,-39.0829435
Norman Jones,25,6578 Margaret Islands Suite 487,New Joshuaview,California,36373,177.351250,-74.5867535
Christine Anderson,36,92671 Brown Estate,Port Tim,Missouri,94772,100.005523,-2.505709
Lawrence Underwood,46,0143 Jason Flats Suite 394,West Paulborough,Michigan,80402,-87.471156,-17.4693735
Candice Johnson,25,186 Allison Greens,West Stephen,Washington,27795,47.529093,-31.1049555
Jeffrey Watkins,39,86108 Brown Springs Apt. 806,Port Ericstad,West Virginia,51072,108.631326,-37.9933425
Antonio Gonzalez,47,0206 Steven Rapid,Julieview,Alaska,67217,29.488103,28.629093
Stephanie Perez,33,9696 Amanda Street,Lake Alexa,Hawaii,98602,-120.857378,-69.6385875
Julie Anderson,57,17539 Harold Parkway,Bartonmouth,Oregon,32481,-97.617408,-62.604182
Jerry Mclean,46,371 Terri Turnpike,Kimmouth,Wisconsin,25482,87.518639,63.594365
Vernon Hanson,59,6272 Michael Locks Apt. 377,North Douglas,Montana,80738,-167.268681,-64.441054
Gregory Brooks,45,68557 Roger Glens Apt. 115,Connerburgh,Nebraska,31061,107.174690,65.997028
Gary Friedman,26,75286 Janet Pine Apt. 635,Lake Lisa,South Carolina,46467,164.763504,-82.8750945
Melinda Steele,21,1847 William Motorway,Lake Monicafort,New Jersey,94825,17.014513,-40.625066
Mr. Matthew Pugh,65,7972 Sullivan Land Suite 761,Lake Ryanmouth,Hawaii,85620,2.041195,-69.632679
Juan Lewis,71,44498 Roger Bypass,Chanmouth,Arkansas,76157,-108.106843,84.4253485
Christine Cohen,60,9024 Belinda Divide Suite 979,Jilltown,Maine,38351,-134.339324,-70.449296
Jeffrey Webb,29,66553 Avila Port Suite 015,Fitzgeraldberg,Missouri,12651,-116.668525,-28.534005
Donald Robinson,66,5242 Anne Keys Suite 202,Lake Kennethmouth,Kansas,91629,101.297724,-10.190352
Sean Perez,68,7410 Smith Valley Suite 746,New Andrew,California,37352,-149.620136,20.956220
Amy York,21,553 Adam Unions,Lake Shane,Washington,86437,67.395689,-32.4228545
Austin Miller,26,305 Stephen Knolls,Port Russellborough,Wyoming,98766,2.431436,48.4602245
Christopher Palmer,46,21529 Renee Harbor,Port Molly,Tennessee,21617,-124.238920,0.5969085
Steven Mercer,69,38169 Lori Loop Apt. 448,West Donnafort,Pennsylvania,67863,-112.581125,76.718174
Lori Hunter,46,5318 Samantha Grove,Port Sandratown,Kansas,95057,-106.473586,-61.4219875
Alicia Collins,64,94398 Stewart Harbor,Port Angela,Kansas,54556,-9.852937,-79.0265515
Anna Guerrero,75,30299 Decker Highway Apt. 849,Nixonchester,Georgia,27896,45.132321,70.1746205
Bradley Patel,56,58145 Stacey Shore Suite 330,Thorntontown,South Dakota,73592,-62.346667,-25.5641935
Kimberly Smith,34,0770 Katherine Haven Suite 337,Port Anita,Pennsylvania,18192,117.719200,15.9818695
Janice Phillips,49,9786 Billy Dale,South Evelyn,Wisconsin,81345,-28.081966,-38.918323
Mr. Richard Anthony,48,866 Thompson Center,Jessicaburgh,South Carolina,95577,-5.958092,56.258912
Aaron Andrews,37,6067 Debra Walk,North Joshua,Washington,22318,15.840644,89.017164
Robert Kennedy,70,41093 Morgan Ford,Maryport,Michigan,81278,4.947376,49.6431135
Timothy Anderson,49,3946 Angela Curve Suite 975,New Ryanburgh,Alaska,30943,-166.099617,82.0721665
Lisa Thomas,67,5432 Huff Drive,North David,Alabama,65938,-27.197669,-77.4424695
Katie Johnson,21,66319 Michele Roads Apt. 080,Parkerburgh,Colorado,95068,-34.018713,51.8117935
Robert Davis,31,6149 Tony Views,Williambury,Kentucky,34467,-145.136438,35.291118
Katrina Holland,54,903 Gregory Gateway,Lake Caitlinfurt,Arkansas,99026,169.291437,41.416997
David Williams,50,372 George Creek,New Kellyfurt,Wyoming,00598,152.439142,38.359509
Christopher Jones,37,3075 Armstrong Haven Suite 552,South Nicole,Connecticut,93478,-80.181674,47.452037
Jennifer Chen,31,728 Jill Cape Suite 725,North Michelle,Tennessee,80355,110.954238,-9.878725
Jay Tate,44,374 Thomas Locks,Justinburgh,Louisiana,58542,-6.132574,55.1212225
Jon Morales MD,58,81084 Robert Stream Suite 923,Schaeferborough,Wyoming,27549,22.114114,22.6425265
Taylor Johnson,64,171 Ortega Stravenue Apt. 460,Lake Rachel,Georgia,82478,-101.743228,64.869739
Stacey Beard,36,38669 Reed Plaza,Lake Matthewberg,Nevada,36062,33.240817,19.9630135
Elizabeth Carter,74,133 Patricia Heights,Kevinstad,Alaska,10873,2.168671,-62.094708
Melissa Hill,48,05429 Karen Crescent,Justinside,Maryland,45723,-32.419628,11.5887665
Angela Hendrix,20,48042 Robinson Locks Apt. 041,Hoodbury,New Hampshire,27727,102.499624,65.3808485
Peter Wilson,57,48335 Church Stravenue Apt. 270,Joshuaside,California,61474,-134.395873,-34.1756325
Bobby Williams,74,862 Arnold Mountains,Port Vickiton,Kentucky,69662,39.594156,-37.884095
Megan Bentley,80,870 Richard Park,Lake Sarah,New Mexico,27033,108.052184,-66.6383855
Derrick Graves,72,30389 Antonio Circles Suite 481,East Thomasfort,Wisconsin,47767,-84.204863,52.678706
Erik Torres,74,44208 Phillips Street,Millerfurt,Massachusetts,78235,96.475461,-87.9080365
William Patel,28,81010 Elizabeth Street Apt. 473,New Luis,Indiana,26048,-85.070029,54.588712
Alexandria Anderson,35,3216 Washington Knolls Apt. 088,Wrighthaven,Arizona,71204,2.743271,15.308573
Rachel Smith,48,87475 Jones Spur,Staffordborough,Alabama,36906,-69.891772,55.2329555
Jay Moyer III,43,39867 Shaw Stream,North Rachel,Colorado,11916,56.883339,-20.144218
Christina Combs,80,11568 Carlos Spring Suite 916,Haroldberg,Oklahoma,20007,18.025138,39.336128
Mr. John Rodriguez,80,00037 Paul Key Suite 406,New Shannonstad,Washington,08847,54.098713,4.687165
Matthew Murray,48,8798 Davis Turnpike Suite 911,Tranville,Tennessee,36736,87.283988,-63.915106
Brittany Hoffman,53,6058 Taylor Springs Apt. 826,Lake Edwardmouth,Indiana,64617,106.312033,-31.165364
James Olson,43,9137 Rebecca Village,New Robert,Arkansas,07216,168.690982,0.5309345
Thomas Montgomery,48,4130 James Wells Suite 106,Esparzastad,Minnesota,04864,145.856412,28.215920
Teresa Jones,67,305 Combs Overpass,Finleyborough,Arizona,09736,12.972526,63.038728
James Bennett,75,434 Johnson Park Apt. 180,Klineside,Georgia,44611,62.955131,1.4522105
Sean Cunningham,58,7332 Wilson Stravenue,Port David,Mississippi,90345,-13.395054,88.512627
Samantha Shepard,77,763 Matthew Hills Apt. 333,North Ericland,Maine,93619,142.235767,47.462685
Krista Mills,42,11342 Newton Harbors Suite 637,Patriciafurt,Texas,91002,-93.794304,-75.0713705
Vincent Kelley,30,6032 Jane Road,Lake Heatherport,Hawaii,76681,73.549959,53.424920
Christopher Martinez,54,24585 Sharon Ferry,East James,Maine,06827,89.150131,-79.130121
Brittany Roberts,35,32431 Jordan Manors Apt. 313,Garnertown,Idaho,46611,-29.539762,5.462054
Paul Daniels,52,37684 Timothy Groves,Obrienton,New York,89959,128.793188,-82.265995
Kevin Armstrong,56,1947 Kyle Plaza,North Bruce,Pennsylvania,28835,-75.381651,-52.023052
Crystal Harris,24,079 Moore Isle,West Tracy,West Virginia,18590,-57.614793,75.3652375
Kelly Reid,62,10176 Snow Squares Apt. 425,Dayhaven,Wyoming,55120,-64.823360,47.4124745
Victoria Davis,41,61994 Robert Gardens,Markland,Indiana,04546,93.284591,-88.851586
Anthony Ramirez Jr.,62,128 Rachel Mount Apt. 654,Andrechester,Delaware,53141,-110.727273,-32.1074895
Joseph Miller,48,99943 Little Port,South Scott,New Mexico,35103,169.131889,-74.708092
Alexis Russell,54,492 Munoz Loop,West Julia,West Virginia,55726,6.573368,77.5780145
Amanda Lee,75,6243 Montgomery Row,Matthewsborough,Washington,71279,-44.252726,-11.2956895
Jill Reed,69,4047 Thomas Lakes,West Jennifer,Minnesota,42806,-114.546832,47.220502
Kimberly Peters,52,8128 Gregory Pines Suite 463,Brendaview,North Carolina,52472,38.623367,-25.7507955
Mr. Thomas Berg,58,0079 Stewart Mount Suite 398,Singhside,South Dakota,18031,105.671305,-76.1694895
Christine Nelson,26,142 Howard Ports,Curtismouth,Minnesota,35144,147.276323,-1.245816
Nicole Allison,29,6332 Bryan Shoal Apt. 856,Taylorchester,Connecticut,12014,151.453911,-74.740073
Christopher Anderson,27,8499 Courtney Burgs,Lake Patriciastad,Hawaii,43887,-81.048984,-42.3085035
Mary Green,26,7520 Linda Points Apt. 356,West Jamesland,Arizona,76345,35.511781,72.611549
Nicholas Glenn,49,39655 Crosby Coves,New Bettybury,South Carolina,43412,-117.410236,59.4278785
Mike Henry,23,83756 Brent Forks Suite 371,Perezville,South Carolina,75718,41.367937,31.7434325
Sierra Webster,47,017 Diamond Creek,Mcdonaldtown,Iowa,05819,-37.500600,-58.4218645
Jennifer Sullivan,25,3300 Amanda Mountains Suite 905,Charlesburgh,Georgia,12593,-132.951741,47.757720
Justin Hill,36,7706 Gibson Lock,Lake Jerry,Alaska,57526,-75.339758,-27.567135
Michaela Freeman,31,6805 Emily Road,East Angelafurt,Maryland,96998,103.818760,58.587163
Jackie Hernandez,37,888 Cassandra Squares,Weissfort,Kentucky,36206,31.245367,43.780650
Allison Sharp,68,945 Gray Ports,East Stephanie,North Carolina,57619,78.352341,67.911513
Jacob Crosby,44,5627 Melanie Islands,New William,Hawaii,72396,-89.257745,32.3233025
Courtney Vargas,32,924 Terry Stream Apt. 275,Johnsontown,Wisconsin,82939,177.332698,-36.0619245
Steven Huang,60,902 Mcguire Village Suite 807,Alantown,Nevada,25387,-1.182213,69.418400
Kathy Torres,74,4615 Whitaker Green Suite 519,East Christopherport,Alabama,44413,152.802319,-89.012557
Kathleen Dodson,57,347 Gregory Ridges Apt. 807,Montoyashire,Florida,01859,82.838109,62.156974
Carolyn Carlson,38,9510 Kenneth Throughway Apt. 876,Johnmouth,Arkansas,30497,72.656198,-73.537741
Jennifer Snyder,64,626 Jessica Light,East Dennisville,New Hampshire,20098,-49.791734,33.287802
Joshua Jenkins,27,904 Taylor Gateway Suite 626,East Stevenview,California,89738,-128.344709,-35.9056105
Tina Pena,58,908 Hayes Islands,North Sherylfurt,Maine,06903,37.324671,-7.573656
Dawn Frey,26,8059 Schultz Court Apt. 260,Brianstad,Maryland,78969,108.770935,87.679009
Mary King,68,499 Joseph Fords,Port Ashleybury,West Virginia,43657,-70.310140,68.285631
John Sanders,57,7028 Thomas Lane,West Jennifer,Indiana,90098,-135.757678,51.1610635
Sandra Walsh,56,30376 Ashley Highway,Stevenport,Michigan,95856,24.542223,-57.923674
Douglas Lee DDS,32,283 Keith Corners,Janeton,Minnesota,66489,177.343239,-67.947566
Laura Little,56,878 Pearson Gardens Apt. 830,Geraldhaven,Idaho,61852,-78.868151,81.5968705
Andrea Robertson,37,2156 Tamara Keys Suite 776,Davidmouth,Connecticut,73857,61.130548,-37.091782
Bruce Case,54,59523 Dennis Vista,Joneshaven,New Hampshire,14350,-166.941031,28.081120
Gary Brown,41,56750 Andersen Stream Suite 866,Lake Ronaldville,Georgia,61167,91.148762,22.659540
Andrea Murillo,68,5388 Carney Road,West Susan,Colorado,67853,-159.967527,16.640996
Bethany Newman,32,429 Tina Street Suite 244,North Jillian,Arkansas,20369,32.979730,-71.2211495
Kevin Wiggins,28,48015 Amber Unions Apt. 984,Port Donnabury,Alaska,52600,11.791821,11.215589
Kelly Colon,23,97886 George Fields Apt. 352,North Cherylbury,West Virginia,04084,-43.890045,78.746020
Sean Stanley,43,945 Horton Islands,Owensburgh,Virginia,31478,-132.504287,36.1283085
Cynthia Pope,49,1999 Hicks Street Apt. 687,Sherryfurt,West Virginia,19609,-150.241965,79.181952
Jonathan Brown,80,255 Smith Glen Apt. 197,Johntown,Iowa,99230,65.004006,-31.529927
Margaret Burns,18,57438 Smith Branch Suite 615,Parksmouth,Missouri,22370,10.727738,-72.883087
Joseph Thomas,39,324 Lauren Vista,North Adam,North Carolina,92147,-178.123203,-35.812811
Adriana Reyes,48,3745 Mitchell Crossing Suite 383,Davistown,Missouri,08471,-67.129417,74.859588
Janet Allen,26,2774 Michele Loop,West Joshuaborough,Rhode Island,61385,-49.621948,40.9878665
Michelle Powell,43,4799 Andrew Knoll Suite 814,Turnerview,Utah,60960,-149.114325,-15.2030895
Sandy Cooper DDS,41,7944 Nicholas Way Suite 899,Hoffmantown,Alaska,51416,-62.857379,1.2413805
Joshua Bruce,75,971 Jessica Estates,Mckaystad,Tennessee,57400,-177.476949,-56.8174255
John Lutz,27,7552 Matthew Cliff Suite 849,Feliciabury,North Dakota,01529,89.866963,5.001281
Danielle Martinez,59,4193 Murphy Island Apt. 242,Boydhaven,Virginia,06583,93.160636,-80.7534875
Lindsey Watts,40,312 Adams Manor Suite 678,South Angela,Texas,80192,-4.259797,-63.777120
Cynthia Bennett,66,2358 Bryce Place,New Melaniehaven,Montana,32704,-55.273132,-59.658638
Robin Carter,78,779 Daniel Mission Apt. 433,Brendamouth,Michigan,54778,127.418081,-70.6329485
Shane Frederick,43,454 Tara Ford,Lake Andrewmouth,Nebraska,97940,-40.662635,-62.1089205
James Thompson,49,510 Mcgee Knoll,Lake Donna,California,99943,16.039547,-40.822841
Stephanie Moore,38,104 Jacobs Ranch,Lake Georgeberg,Connecticut,64897,-135.099417,-40.8198965
David Delacruz,38,216 Mark Haven Apt. 443,Woodburgh,Georgia,37885,132.680549,-86.4591995
Barbara Lane,51,1779 Nichols Skyway,Hamptonport,New York,76693,-64.473253,-58.7118975
Mrs. Crystal Shepherd,69,435 Elliott Ford Suite 358,East Jerryland,Kentucky,23681,25.271072,79.003012
Ashley Davis,30,22396 Estrada Branch Suite 421,New James,New Hampshire,36112,-12.837521,-11.5396175
Haley Harris,34,540 Hammond Harbor Suite 004,Lyonston,Iowa,96126,-161.044515,-17.886003
Jonathan Lopez,51,2178 Julia Dam,Paulton,Connecticut,57230,161.319092,-86.054424
Robert Anderson,77,022 Simpson Branch Apt. 107,West Hectorshire,Oklahoma,34690,41.458666,62.596476
Nathan Lawson,40,254 Harrison Mountains Suite 964,Lake Jamesland,Minnesota,88096,-10.661584,-77.6334055
George Flynn,73,25968 Garza Club,South Mark,New Jersey,09796,-91.132832,46.6489205
Katie Jimenez,19,583 Mccall Spurs Apt. 500,Lake Angela,Kansas,68963,-129.315658,-51.0295295
Derrick Chavez,26,563 Haas Square,Zoeview,Massachusetts,94714,-60.949798,-66.096439
Melanie Villarreal,19,6866 Thompson Common Apt. 888,North Richard,New Jersey,63879,-166.490790,60.4057095
Erik Hughes,21,954 Smith Bypass,Smithshire,California,99678,-86.532933,-64.9415045
Gene Peterson,77,672 Alice Greens Suite 530,Port Jeff,North Dakota,99500,21.183708,74.896899
Logan Robinson,21,866 Laura Flats,Robinmouth,Iowa,86107,-23.691431,29.7480105
Carol Wagner,74,6603 Hughes Plains,Castrostad,Missouri,34646,-17.533533,-38.160813
Crystal Reese,39,822 David Light,East Danielle,Virginia,29452,59.956277,-80.2961165
Kimberly Bennett,71,41548 Lisa Forge Suite 409,Lake Richard,Missouri,17541,121.299555,77.8413995
Brianna Morales,62,92352 Simmons Coves,Bellmouth,Georgia,05165,-50.966492,48.247383
Stephanie Beltran,21,622 Jessica Garden Apt. 719,Figueroachester,Alaska,79448,-46.464427,34.548543
Alfred Bernard,70,24395 Walter Rue,North Donaldland,North Carolina,24441,-18.526833,23.740198
Amanda Chandler,71,6560 Hansen Locks,Sanchezview,Nebraska,24203,177.203375,30.8847395
Robert Francis,36,3675 Baxter Bypass,East Samantha,Idaho,35791,-101.926862,-37.616423
Sarah Colon,46,6934 James Plaza Suite 055,Shellytown,Vermont,98845,-64.852440,-15.1197375
Miss Kimberly Bates,26,76161 Perez Valley,Dustinberg,New Hampshire,27513,-89.434084,-19.408692
Scott Jenkins,29,18316 Marks Wells Apt. 266,South Antonio,Montana,06238,-155.004084,-72.325451
Penny Gardner,78,04331 Martinez Orchard Apt. 235,Meghanborough,Tennessee,61070,-152.571066,-8.5194215
Kimberly Russell,53,655 Amanda Dale,Lake Heather,Utah,96040,-122.527640,-49.1485155
Mrs. Sharon Garcia,55,191 Gordon Crossing Apt. 329,Bushport,Georgia,73542,142.993249,3.7186165
Michelle Harris,39,0559 Mendez Turnpike Suite 348,East Richard,New Mexico,51737,91.761055,-60.9633945
Ashley Harris,76,59869 Jones Camp,South Stevebury,Maryland,62826,87.108212,-69.161937
Ana Perry,37,19664 James Manor Suite 574,Natashafurt,Rhode Island,53799,157.275609,-82.1578075
Tammy Bauer,56,511 Sullivan River,West Jesus,New Hampshire,85898,-15.291877,16.9534925
Theresa Black MD,60,015 Johns Center,West Christopher,Tennessee,65618,-128.808259,-19.7387595
Eric Coleman,77,7233 Jill Course Apt. 082,West Christine,Colorado,62642,172.635411,-78.285577
Colleen Watkins,60,313 Kelly Springs,Combsbury,Arkansas,09836,16.502514,-87.746396
Marcus Rojas,76,16858 Buchanan Turnpike Suite 180,East Cynthiaborough,West Virginia,15124,152.955515,-14.3265975
Olivia Mayer,26,279 Mccarthy Crescent,Port Saraborough,New Hampshire,76603,-79.717561,73.268761
Destiny Ortiz,72,60664 Wayne Club,New Brianfurt,Oklahoma,43639,-110.249199,6.4253695
Mason Rich,77,3174 David Camp,South Jefferyville,Nevada,20525,-21.773508,-13.917450
Frank Grimes,63,57696 Matthews Freeway,South Jamesmouth,Rhode Island,71282,-157.205276,30.067800
Alexander Hopkins,41,5292 Salas Drives Suite 534,North Elizabethside,Connecticut,13810,-124.413186,-69.2499845
Elizabeth Walker,40,42630 King Lakes,West Adamchester,Kentucky,18201,177.185492,5.275085
Hannah Hunter,70,65914 Christina Points,Christopherhaven,Oregon,86300,-149.676281,31.532574
Jon Wright,50,9215 Young Pines,Brianshire,New Mexico,56329,90.170813,39.1781785
Dr. Kelly Simpson,64,592 Laura Springs,Petersonberg,Maryland,11962,20.401981,44.184882
Tyler Murphy,69,096 Bean Drives,Bradshawtown,Illinois,16755,64.659826,27.2195025
James Hodge,50,355 Ryan Drives,North Caitlinton,New Jersey,54050,-88.662374,-12.7372985
Lisa Bowen,66,492 Brown Ville Apt. 637,Lake Monica,Texas,75397,119.738088,-71.2097445
Amanda Yu,79,923 Kristin Rest,Hancockport,Iowa,80668,122.777666,44.804004
Sandra Hernandez,72,17965 Lewis Lodge Apt. 798,North Johnside,Massachusetts,19683,28.886604,49.359739
Darrell Ferguson,40,754 Yates Lake Apt. 856,West Jonathanberg,Arizona,30358,-127.008201,8.119942
Mary Hayes,45,173 Lane Cove Suite 257,Wongberg,Wisconsin,70525,108.286220,69.861959
Yolanda Mullen,74,6516 Melanie Radial,West Thomas,Maryland,10382,-0.099040,-79.9970665
Colleen Shaffer,69,127 Evelyn Lights,New Chaseton,South Carolina,91061,-6.814728,-14.499155
Shaun Davis,70,512 Jessica Glens Suite 092,Port Patrickborough,Nevada,38889,47.517510,48.259583
Marcus Gallagher,19,2893 Jesse Rapids,Michaelmouth,Iowa,22310,-138.968395,-31.022321
Kathleen Ford,34,216 Jesus Springs,East Christianborough,Wyoming,66691,92.898796,-47.400140
Mark French,51,23865 David Prairie,Hernandezmouth,Tennessee,24953,47.239787,-47.8022135
Lindsay Martinez,41,62200 Michelle Shoal Suite 828,East Meganville,Illinois,49185,-175.870100,-83.0540785
Amanda Alvarado,62,0548 Walker Shores Suite 311,Port Justinchester,New York,58279,-171.772969,-37.6624045
Daniel Munoz,25,7580 Cole Hill,New Aaron,New York,55648,-24.152288,39.5740555
Thomas Velez,39,889 Thomas Summit Apt. 956,East Michelleberg,Illinois,42346,107.472350,-49.9994065
Allen Andrade,32,11621 Mercer Courts Suite 326,Port Leah,Maryland,20519,28.419342,51.624526
Jody Wilkerson,48,5488 William Villages,Lake Ashley,Washington,27319,-158.407896,-69.8577005
Brian Johnson,47,7280 Thomas Extension,Port Katrinafort,Missouri,44384,-159.074452,5.247523
John Lopez,73,26367 Davis Roads Apt. 200,Elizabethland,Delaware,57783,-18.315224,17.2001735
Elizabeth Brown,32,675 Watts Gateway,Chambersview,California,52053,-105.434581,-76.6274495
Jeremy Lee,71,713 Reyes Square,Chrisland,California,63439,-42.533338,-83.5906565
Rebecca Harris MD,65,7354 Desiree Expressway,Kentchester,Arizona,04288,-80.892593,-0.5062795
Kara Morgan,74,172 Brandy Pike Apt. 339,New Ryan,Iowa,39427,-40.744319,18.234151
Chelsea Lopez,80,10693 Katherine Drives Apt. 666,East Dalemouth,New York,84184,20.077646,37.789984
Mariah Benton,75,7556 Pittman Shores,Kevinberg,California,61932,165.705348,-21.6059675
Kristopher Garcia,55,6299 Mark Knoll,West Jessica,California,82122,90.114445,49.300532
Emily Jenkins,39,750 Sean Manors,North Maria,Delaware,94701,-158.061077,73.9522125
Rose Garcia,60,9436 Jeffery Turnpike,Martinezbury,Montana,95894,-6.041731,75.328733
Cynthia Miller,67,4654 Mendez Ports,Karenmouth,South Dakota,15027,-101.927656,-84.326486
Sarah Gonzalez,61,104 Lester Plaza,Butlerborough,Idaho,44143,51.586724,-20.007349
Duane Black,56,64791 Klein Vista Apt. 246,West Rebecca,New York,59526,45.895196,75.5054355
Christopher Martinez,77,762 Robert Via,East Amymouth,Indiana,84084,-148.840548,-49.8439055
Daniel Hughes,71,41040 Thornton Walk Apt. 024,Danafurt,Vermont,93400,175.296681,2.984459
Susan Gillespie,43,785 Thomas Fall,West Christopher,North Carolina,62006,120.389623,-53.0151375
Rebecca Anderson,43,8128 Jason Stream Suite 514,Millerchester,Iowa,93061,-161.977311,-33.319654
Ann Mccullough,27,9201 Short River Suite 423,West Bradleyville,Minnesota,49747,-129.364677,-34.460578
Tyler Williams,33,79268 Katrina Village Suite 639,North Jo,Indiana,90736,-75.540065,-2.0435455
Jennifer Taylor,24,9322 Shaun Glen,North Jeffrey,New York,51416,-5.205472,22.462502
Laura Baker,52,8334 Patrick Harbor Apt. 145,North Jenniferbury,Hawaii,02979,82.426114,-2.040911
Gregory Murray,42,3143 George Station,North Philip,Montana,81586,-136.934909,-12.0114425
Charles Hernandez,45,7579 Rodriguez Tunnel Apt. 609,Williamfort,Washington,51287,168.338037,78.482364
Juan Gregory,20,50310 Kyle Oval,Greerport,Maine,61172,-147.001616,7.676446
Michael Johnson,18,275 Castro Parkway,North Breanna,New Mexico,86365,-10.468832,-7.883878
Madeline Nelson,30,456 Miller Fields Suite 495,East Dorothystad,South Dakota,35745,-7.782394,80.6407185
Chad Cohen,32,061 Stevenson Village Apt. 949,Lake Heatherview,Pennsylvania,42719,-133.375853,-72.935440
Thomas Moore,65,443 Harris Brook Apt. 890,Susanview,Nebraska,51194,-142.787302,-86.7359665
Carlos Wheeler,61,54835 Joel Port Suite 970,Nguyenview,Georgia,35143,107.796686,74.6800385
Kathy Smith,48,28839 Mora Summit,West Sandra,Minnesota,06535,-69.344375,-41.145972
Brett Silva,75,38130 Lowe Prairie,South Kristinchester,South Carolina,11651,-86.176139,-79.4741925
Sarah Boyle,24,560 Joseph Estate,North Christine,Wyoming,98587,108.912405,-63.2869505
Brian Walker,27,4257 Jennifer Mountains,Brandyton,Ohio,57465,172.806748,67.7104175
Margaret Washington,19,4791 Shannon Radial,Johnnyland,New Mexico,30294,35.186525,6.7309755
Maria Richardson,36,5698 Mary Summit,Perezmouth,South Dakota,81841,-59.680406,0.841241
Sonia Johnson,55,577 Young Lake Suite 612,West Jasonton,Alabama,25743,-42.304067,78.6667555
Keith Frazier,46,968 Benjamin Motorway,Port Allisonstad,Virginia,28518,-45.371792,28.5774505
Ashley Green,39,3517 Garza Crossing,Lake Michellemouth,Maine,20414,150.459942,-21.620881
Nathaniel Barker,75,603 Craig Ports,South Colton,Arizona,76542,-124.023993,73.173457
Brandi Kim DDS,48,316 Snyder Hills,Lake Sonyaborough,New Jersey,68168,177.245455,73.470336
James Chavez,64,25946 Bryan Fort,South Kennethport,West Virginia,16718,-60.372745,-17.820673
Mrs. Christina Young MD,61,87471 William Ports Suite 547,East Ashleymouth,Vermont,91619,-160.190630,87.0572625
Catherine Anderson,21,3425 David Square Suite 627,Pamelamouth,Mississippi,87194,131.678280,2.6238145
David Wilson,45,6096 Nicholas Ferry Apt. 635,Lake Krystalview,Pennsylvania,98452,114.200519,21.011770
Holly Guerrero,38,41828 Erica Creek Apt. 444,Shawtown,Minnesota,54015,-156.902656,-39.9573725
Julia Walker,61,8110 Dawn Drive Apt. 936,Vegaland,Wyoming,58094,8.573562,21.0790045
Rebecca Dawson,45,79088 Benjamin Creek Apt. 920,North Dennisburgh,Louisiana,15884,79.681144,80.2748765
Miss Wanda Kelly DDS,68,65643 Brown Junction,Mooreside,Illinois,30096,50.523636,10.8808375
Danny Smith,18,94309 Patricia Spring Suite 262,Fisherland,Kentucky,70021,-161.276054,-7.757882
Benjamin Edwards,26,04964 Sarah Isle,Spencermouth,Louisiana,62221,-27.116440,87.996281
Martha Richardson,36,14740 Andrew Forks,Markhaven,North Carolina,82639,-101.112219,82.532489
Kenneth Stanton,35,10179 Dodson Fork Suite 526,Montgomerystad,New Jersey,49702,172.946712,55.7700635
Elizabeth Mcneil,29,65241 Douglas Plains Suite 243,Lake Crystal,Tennessee,53587,166.095361,-56.0226225
Nathan Wilson,42,6834 Patterson Forge,South Kyle,Texas,34984,113.082429,31.472836
Jose Anderson,68,8813 Rush Motorway,Mariastad,Georgia,46598,20.456540,2.206083
Eric Williams,66,466 Cook Plaza,North Jasonmouth,Oklahoma,77829,25.886714,-11.670659
Stephen Pittman,33,89469 Katherine Squares,North Omarburgh,West Virginia,77847,-12.991321,3.0904765
Suzanne Goodman,62,137 Stephanie Island,East Michael,Michigan,37883,99.193428,56.650951
Kimberly Martin,67,62027 Johnson Station Apt. 744,South Kathleenborough,Pennsylvania,34197,-31.453924,59.8625355
Audrey Smith,78,67765 Phillip Views,Nancyport,Arizona,63258,74.164672,15.545689
Keith Hudson,36,3190 Nicholas Course,Thomasmouth,Alabama,10588,-114.477668,-51.533518
John Alvarez,40,271 Richard Spurs,South Samuel,Oregon,60085,26.486664,-13.2892345
Jonathan Sanders,31,8410 Jessica Grove,New Bryan,Alabama,05101,170.050665,-76.744132
Angel Anderson,21,63630 Hatfield Dam,Lake Justin,California,14544,75.626618,-73.0069845
Lisa Levy,56,3209 Michael Lodge,Helenburgh,Arkansas,71490,-70.854701,-68.397949
Suzanne Smith,53,0614 Robert Haven Suite 612,East Joseph,Missouri,47922,34.507662,55.5459395
Jodi Harper,58,1375 Carl Street,South Matthewchester,Wisconsin,39573,-118.829840,-43.110874
Richard Coleman,71,8862 Thomas Avenue,Port Soniashire,New Mexico,19935,-141.894157,-27.3390435
Jennifer Anderson,18,3391 Joseph Fort,Kellyville,Idaho,48798,12.762340,38.7965165
Gina Estrada,54,27315 Timothy Gateway,Benjaminchester,Minnesota,96299,-38.231428,39.002722
Christine Roach,48,44186 Wendy Expressway Apt. 093,East Dylanberg,Pennsylvania,48199,118.287543,68.8023985
Brenda Farmer,27,499 Amanda Corners Suite 354,West Laurabury,Oregon,45804,-159.179881,-32.590081
Crystal Coffey,69,923 Henry Motorway,East Jamesfurt,Virginia,18483,-53.548771,-38.707311
Lisa Martin,28,821 Paul Lakes,North Vincent,Missouri,28114,-108.561542,2.3708125
Laura Jones,53,07412 Anderson Creek,Lake Matthewland,California,62294,140.174982,-30.8161035
Jennifer Dodson,65,298 Jerry Glens Apt. 903,Robertton,Tennessee,48030,-114.560524,-86.0282315
Rebecca Perez,57,59463 Leah Shore Apt. 797,Kirkhaven,Kansas,84900,51.684830,-22.313377
Megan Ballard,77,263 Cody Roads Apt. 212,Pereztown,California,23612,-8.130851,57.4603275
Cory Robinson,59,1133 Melinda Locks Suite 387,Batestown,New Mexico,10512,-133.234377,-13.422700
Jesus Camacho,80,99650 Justin Way Apt. 826,Lake Richardview,Kansas,64660,14.444117,20.910576
Edward Tran,78,55028 Neil Manor,Port Mariashire,Florida,11982,-178.276038,64.3768065
James Hampton,72,3982 Frost Land Apt. 084,New Cindy,Hawaii,40378,167.540625,-32.459868
Daniel Brooks,58,343 Robert Highway,North Brendaland,South Dakota,78486,173.413786,-87.807822
Stacy Morse,73,039 Michael Point,Cortezstad,Tennessee,52291,8.416439,-33.1017355
Jesus Sawyer,67,7960 Payne Knolls,North Michaelbury,Maine,96048,164.050028,80.926792
Heidi Brock,23,608 Maddox Manor Suite 904,Lake Gary,Illinois,10391,-170.784195,56.221032
Jennifer Ruiz,45,4705 Howe Unions Suite 899,Waltersside,Florida,96786,164.082648,-44.1598895
Jaime Roberson MD,37,458 Hood Summit,New Danielfurt,Montana,94503,62.730413,-38.130768
Katherine Tanner,39,588 Carrie Prairie,West Michaelmouth,Maine,31260,-141.836891,24.3880145
Melissa Myers,76,39764 Cook Dale Apt. 629,New Troy,Nevada,52779,162.933768,-76.482374
Heather Huff,32,717 Marshall Fort Suite 402,South David,West Virginia,87467,-18.670415,-25.3494375
Kelly Mercado,31,7466 Christina Village,Lake Karaland,Hawaii,20272,-176.308993,-7.737759
Cheryl Coffey,34,04513 Moreno Ville Apt. 904,Jenniferburgh,Idaho,94807,53.557693,-88.6302495
Natalie Shah,34,37226 Charles Extensions,Duffyfurt,West Virginia,11399,153.893976,-63.380991
Ann Trujillo,25,6676 Roberts Glens Apt. 076,Lake Tabitha,Kentucky,88901,114.369818,12.1617385
Kayla Summers,62,6562 Jason Points Apt. 391,Lake Wesley,Pennsylvania,30511,122.395592,18.8377145
Noah Lam,64,61211 Jill Court,East Christopher,Delaware,26357,-75.395484,-28.1723575
Lisa Hughes,46,1121 Zhang Rue,West Justinstad,New York,98570,69.096534,-81.3546605
Brenda Rogers,80,9374 Duran Groves,Port Cynthiamouth,South Dakota,90128,-55.827789,76.352677
Kiara Martinez,76,9555 Alexandra Meadow Suite 689,Wilsonville,Minnesota,54836,-111.207947,-27.9554295
Kristen Harris,45,3512 Stevens Square Suite 704,Torresfort,Idaho,63470,11.521534,-3.550007
William Frazier,64,1808 Shah Squares Apt. 661,Millerside,North Carolina,18981,13.098785,-41.8172355
Mr. James Smith,28,53851 Hansen Port Suite 239,Lake Jillian,Pennsylvania,16385,-10.813156,-89.951158
Karen Kelly,25,9248 Jones Spring,East Victoriaville,Georgia,35474,-44.756780,-38.293097
Carl Smith,52,687 Whitney Ville,South Matthew,North Carolina,74510,-84.583840,43.7655925
Daniel Cooke,73,12688 Johnson Summit,Clayfort,New York,23763,25.876480,-51.826281
Steven Mcknight,26,875 John Hill,East Matthewmouth,California,01586,-71.946374,57.946976
Travis Davis,60,61205 Li Centers,East Paul,Ohio,11228,-57.891179,-32.5947655
Doris Johnson,69,390 Miller Springs,Yvonneshire,Nebraska,04995,-12.966026,84.143180
Maria Chavez,51,18120 Carney Station Apt. 911,Lake John,Texas,08094,-90.197671,63.6275045
Scott Stevens,43,21209 Morgan Isle,New Sheryl,Pennsylvania,67042,86.176886,18.810598
Diana Kramer,35,38509 Ryan Tunnel Apt. 281,East Alec,Illinois,19278,103.073220,20.9267315
Kim Wong,30,959 Rodney Springs,Lake Victoria,New Jersey,73400,25.207810,-45.509190
Mr. Jesus Thomas,50,5101 Mcclain Station Apt. 100,Lake Josephhaven,Hawaii,04162,53.983321,-29.5565155
Angelica Madden,59,0884 Lori Locks,Scottburgh,Kansas,36877,70.697675,-18.932925
Catherine Shea,57,66348 Brown Land,Coxport,Florida,57575,72.013841,-80.586406
Antonio Ruiz,25,213 Charles Summit,Shelleyfort,Wisconsin,98005,-84.079863,52.4684155
Jessica Cantrell,22,859 Doyle Ports,Lake Robertfort,Maine,08578,62.803791,-37.9378955
Stephen Wang,79,84869 Meadows Gardens,Amyside,Ohio,44302,-132.500571,-56.325403
Elizabeth Graham,37,9076 Smith Loaf Suite 146,Frankshire,Arkansas,28742,-100.114551,80.6484925
Loretta Lawrence,25,0558 Maria Circle Suite 916,New Thomasfort,Rhode Island,91781,64.113323,30.3863225
Mike Rosales,67,597 Ellis Mount,Andrewborough,Idaho,04148,97.602028,-24.814336
Michael James,76,2233 Villarreal Radial Apt. 883,Snyderfurt,Missouri,41457,30.879551,-16.150350
Helen Chen,64,302 Vincent Branch Suite 396,Crystalside,Nevada,58686,161.688945,-38.8848355
Christine Johnson,19,67685 Kelley Keys,New Shanestad,Maine,81393,143.511447,62.008415
Christina Shepherd,62,8535 Cindy Union Apt. 115,Schneiderview,Arkansas,15632,-2.784217,26.192061
Jacob Hammond,39,03776 Nancy Grove Suite 678,Foxmouth,Idaho,08084,117.794022,67.905228
Kevin Schroeder,38,08660 Johnson Burg Apt. 281,Petersstad,Oklahoma,40709,-166.238754,-19.0352245
Todd Jackson,25,29383 Foster Mission Suite 655,Randallbury,Massachusetts,05109,-75.435290,56.6698935
Steve Brown,77,81771 Sonya Causeway,Howellberg,Nebraska,85770,49.690440,-80.466702
Lisa Erickson,28,849 Michael Via,North Erica,Missouri,58428,-160.963892,58.787287
Timothy Herrera,28,01330 Gill Heights Apt. 695,West Amyport,Delaware,88772,2.818377,38.1233605
Amy Lee,57,442 Frazier Track Apt. 303,New William,Alabama,01917,41.676211,-31.838624
Ruben Foster,42,7181 Reid Cove,East Danielville,California,11837,-132.946191,-88.628465
Matthew Riley,19,9052 Reyes Gateway,Kurtstad,Nevada,93966,0.292653,-76.8165045
Larry Martinez,47,5737 Amber Branch,Kirbyshire,South Carolina,96537,69.239664,-55.9703855
Michael Thompson,35,170 Lee Ford,North Davidberg,Iowa,66485,3.970519,74.3468895
Michael Ortiz,77,917 Roberts Village Apt. 881,Esparzaside,Idaho,47949,-102.747083,-1.9415055
Lacey Garrison,18,96966 Stewart Hill Suite 345,Portershire,Nevada,40614,-86.303297,60.037090
Edward Webb,67,7020 Samantha Street Suite 235,Michealton,New Hampshire,35234,125.795502,62.0939125
Jack Marsh,75,0559 Hicks Cove Suite 468,East Lisahaven,California,54359,62.415901,-18.6859745
Daniel Griffin,67,2128 Timothy Court Apt. 511,Padillafurt,Colorado,74300,155.661854,-43.7897985
Troy Castillo,80,22427 Moore Port,South Victoriamouth,Delaware,39169,86.091814,-22.5213395
James Glenn,47,816 Sarah Keys,Martinezchester,Vermont,10749,-0.405256,-31.891783
Christine Marshall,57,554 Morgan Fall,West Larryland,Indiana,07612,139.395342,-15.250934
Thomas Copeland,56,1026 Gonzales Mission,Susanburgh,Connecticut,20070,-75.448084,-38.4429775
Danielle Henderson,29,673 Terry Springs Suite 711,Garciahaven,South Dakota,02732,40.599289,-53.379885
Jasmine Johnson,18,81798 Bradley Rue,Jamiefurt,Wyoming,04680,-109.217663,-84.2769385
James Robinson,29,056 Miller Locks,East Cathy,Massachusetts,80777,-110.523359,-85.2170545
Susan Tate,69,83339 Lawrence Unions,Leonardport,Maine,62230,39.137797,-34.3459525
Lisa Parker,43,7807 Adam Parkway,Jasmineland,Arkansas,39907,167.758492,7.1011635
Jessica Garrett,21,830 Smith Springs,West Megan,West Virginia,34268,104.267429,-7.6390905
Sandra Meyer,71,709 Turner Circles,Reyesshire,Kentucky,48779,-48.268033,-37.223973
Blake Boyd,34,5762 Simpson Ranch,Richardville,North Dakota,24188,-9.216779,5.2643005
Amanda Calhoun,24,5967 Kara Curve,Smithburgh,Hawaii,74785,-83.238143,-39.2918615
Katie Cruz,36,8089 Joseph Extension Suite 406,Port Elijahtown,Virginia,85454,22.796463,-38.3631615
Christopher Baker,37,662 Melissa View,Bankschester,Illinois,53910,139.112396,-60.271779
Natasha Parker,35,4659 Johnny Union Suite 311,Hendersonview,South Carolina,51631,-68.179634,-55.0173565
Brianna Thomas,49,0784 Brown Glen,North Johnny,Oregon,73082,164.525854,-13.865296
Michael White,53,95282 James Tunnel Suite 024,East Daniel,Vermont,73817,174.883368,65.929939
Christopher Harris,43,352 Lisa Fall,South Aaronhaven,Nevada,98365,100.836596,-2.635039
Kimberly Ward,79,3648 Cory Drive,East Jonathan,Wyoming,17325,-73.460754,-13.568253
Rachel Valentine,20,0381 Stacey Manor Apt. 694,Stevenchester,Utah,67890,-50.708563,-71.5607635
Patricia Garcia,72,82616 Sullivan Forest Apt. 060,Lake Williamton,South Carolina,94695,-13.142030,-74.904334
Matthew Serrano,69,822 Rivera Valleys,West James,Florida,70393,-66.539875,3.084934
Brian Arias,67,0021 Howard Burg Apt. 699,Lake Markville,Florida,87143,-18.684801,77.9618645
Victoria Hays,45,9129 Garcia Prairie,South Cherylborough,New Hampshire,38004,-106.598122,7.456362
Morgan Lopez,35,756 Adams Branch Suite 253,Rebekahfort,West Virginia,70357,-125.877417,22.302160
Karen Harvey,50,062 Benitez Knolls,Natashastad,North Dakota,08899,-55.929653,65.6672995
Bianca Hale,66,8489 Lisa Loop,Grimesmouth,Massachusetts,78480,132.768987,-17.6110925
Michael Clarke,26,0495 Joseph Curve Apt. 545,South Gabrielfort,Colorado,02107,-71.574446,-45.435783
Isaac Peters,25,7454 Glover Rapids,West Matthewview,Mississippi,71816,175.223131,-70.8482595
Danielle Dodson,45,6650 Smith Hollow Suite 885,Hugheston,Illinois,66822,-140.331544,11.6736565
Stephen Baker,27,231 Samantha Loaf Suite 590,Perezville,Idaho,22062,127.890210,76.821719
Makayla Reeves,75,8685 Valenzuela Harbors,New Kimberlyfurt,Florida,33864,-50.269682,59.2306125
Brenda Gray,60,238 Angela Crossroad Apt. 539,Lake Margaretberg,Missouri,95687,137.099435,-85.5078495
Michael Simpson,68,5690 Shane Spurs Suite 475,Grahammouth,Minnesota,28777,142.984396,-62.6921415
William Clark,41,56523 Jackson Valleys Apt. 908,North Steven,Michigan,34027,65.415536,50.1104115
Kevin Barnett,57,184 Erika Grove,Janetside,Kansas,86568,172.800052,-49.0186975
Nicole Marquez,49,90694 Kelly Wall,Port Elizabethtown,Georgia,09027,23.024516,-25.913582
Heather Green,50,72392 Durham Course,Port Diamond,Pennsylvania,78864,128.312275,-26.253021
Dr. Susan Estrada,71,914 Andrews Trail,New Nicholashaven,Florida,64897,-154.606452,28.756338
Wendy Ford,34,1509 Obrien Street,West Victoriashire,Indiana,24243,35.426009,-28.240048
Megan David,47,14095 William Stravenue Apt. 931,Jimenezberg,Wyoming,24566,-144.774115,-62.272449
Richard Johnson,19,208 Elizabeth Avenue,Melaniechester,Maine,13325,133.950609,-71.840429
Laura Bryan,78,9219 Ian Common Suite 036,Hillbury,Minnesota,68086,74.270591,-65.3611415
Andrew Scott,62,181 Oconnor Divide Suite 235,Christopherfort,Virginia,47546,-51.333748,-61.634932
Veronica Chaney,55,315 Joseph Harbor Apt. 123,Andrewstad,Alaska,32720,78.255671,-21.770883
Laura Powers,48,58816 Whitney Junction Suite 219,Jamesberg,Idaho,22665,98.187096,-35.8942045
Vincent Coleman,50,7761 Wyatt Trail,South Caitlinberg,Minnesota,08152,112.375060,-62.577149
Kenneth Mcknight,19,7162 Scott Ranch Suite 992,Lake Jessica,Oklahoma,66034,-71.694881,29.2360055
Brooke Johnson,22,2868 Reilly Estates,Clarkhaven,Maine,01818,127.589432,2.8405175
Jessica Keller,35,920 Wilson Walks Suite 303,West Theresastad,Alabama,66962,65.187866,7.2969585
David Ray,72,357 Courtney Street,Lake Kathytown,Connecticut,95980,-168.823449,-52.5252725
William Williams,57,03735 Richard Ferry,South Phillipview,Massachusetts,70551,-111.017442,-43.255606
Jeremy Reed,30,04933 Jones Forest Suite 524,Port Josephton,Kansas,15922,-61.031713,45.719250
Justin Church,35,47679 Bradshaw Islands,Howardport,Wyoming,48082,30.040518,-7.101948
Martin Rodriguez,40,099 Campos Freeway,Lopezchester,Tennessee,69880,15.109564,-46.7883495
Brian Love,27,28705 Marisa Mountain Apt. 179,Vargasview,South Dakota,63019,-4.231603,53.3286465
Pamela Jackson,65,9832 Stephen Ways Suite 122,Port Rebeccafort,New Jersey,76878,34.475799,-38.512791
Joseph Li,65,71773 Mark Court Suite 508,North Carlland,Kentucky,97507,160.598671,51.663188
Allison Kelley,36,82738 Lawrence Spurs Apt. 652,Desireemouth,New York,16724,-135.240255,-61.620162
Valerie Ayers,46,686 Mcdowell Isle,Crawfordville,New Hampshire,00953,122.132150,45.2638975
Michelle Suarez,18,2559 Michael Valleys,Josephshire,Wyoming,81161,-85.129927,81.802395
Alyssa Moore,52,6544 Mark Underpass Suite 628,Rogerstown,Indiana,29822,3.599222,-52.460597
Paige Benjamin,37,7394 Elliott Walks,Tuckerton,Tennessee,34594,-95.978941,-18.896292
Evan Hull,25,545 Christina Brook Apt. 104,Davishaven,Arizona,78511,37.288082,62.354449
Jennifer Walton,79,935 Williams Views,Jennifershire,Nebraska,05106,23.685489,57.102987
Danielle Horne,77,690 Martinez Centers Suite 810,North Samanthabury,Hawaii,26521,83.947112,62.775817
Joanna Leon,65,7239 Reyes Valley Suite 212,Hoganberg,Wisconsin,23865,-156.770032,10.023912
Duane Wilson,34,79306 Bailey Wall,South Elizabeth,Illinois,25122,-50.407160,0.889806
John Leonard,29,885 Hernandez Groves Suite 655,North Heatherville,Alabama,51851,137.805676,-58.8545315
Patricia Lucero,70,5590 Debbie Shores,Port Staceystad,Mississippi,11965,21.949850,62.7838285
Alicia Le,53,0762 Andrew Landing Apt. 527,Kellyborough,Rhode Island,18429,-102.755083,-56.9396775
Tiffany Barton,75,4043 Shannon Rue,West Emily,Massachusetts,32008,74.314116,-10.640661
Randall Lee,47,021 Ferguson Divide,New Markfurt,California,43304,154.414700,85.446232
Amy Sherman,47,62676 Munoz Parkways Suite 334,Fosterchester,Nevada,06664,-60.357488,-35.9910055
Jay English,59,14275 Buck Parkway,Lake Jeffreyville,Vermont,08474,74.775872,-75.1902955
Steven Mccoy,78,697 Castro Spring Suite 976,East Thomas,Virginia,08305,-65.451097,-47.096533
Kathleen Miller,31,57944 Ward Estate Apt. 814,New Kimberlystad,Kentucky,46458,-168.608878,-36.563703
Carl Shaw,41,86096 Richardson Drive,Maxwellchester,Delaware,47682,-145.786284,72.771433
Mr. Thomas Lee,47,66711 Justin Unions,Lake Jamesstad,Rhode Island,78250,-85.387181,-78.9589265
William Lopez,43,3578 Michael Stravenue Suite 208,East Lawrence,Missouri,18530,165.179329,7.498814
Tara Snyder,36,751 Soto Drive,Daryltown,Arkansas,54439,-127.202486,-41.216186
Brenda Jacobs,53,945 Pena Key,Port Courtneyland,Wyoming,31257,-103.696029,36.799762
Craig Morales,67,5702 Johnson Freeway,Williamsport,Alaska,78076,-75.803174,-47.433937
Kristina Levy,63,561 Sanchez Heights Apt. 523,East Patriciachester,New Hampshire,61082,-59.640829,-84.4939755
Patrick Wheeler,44,371 Gabriella Ports Apt. 914,Jamesfurt,Arizona,13883,9.032980,-34.4319585
Maria Peterson,58,8375 Brenda Roads,Ritterfurt,Louisiana,78913,33.946691,89.889611
David Jackson,59,773 Ellis Ports,Coreystad,Georgia,94968,27.224218,-5.8069895
Fred Rogers,22,778 Haley Parks,Amandahaven,West Virginia,63286,72.469497,-48.0119645
Douglas Mosley,66,5780 Ray Crescent Suite 045,Lisaview,Arizona,95779,-163.429742,37.977666
Brandy Thomas,28,6717 Randolph Lodge Apt. 733,North Samuel,Pennsylvania,30583,107.598659,-47.572253
Mackenzie Cox,31,242 Wright Hill,Josephmouth,Vermont,74559,-139.446581,62.1977295
David Gibson,19,2444 Peterson Mission,New Mark,Massachusetts,69687,-126.692956,49.298996
Lisa Jones,72,082 Brian Terrace,Port Dustinfurt,Hawaii,08818,142.794188,-68.8821085
Nathaniel Martin,25,3412 Sharp Pine Apt. 049,Lisatown,Hawaii,58371,-89.532221,-35.212167
Terri Johnson,64,719 Wade Path Apt. 069,Smithmouth,North Carolina,68244,84.036688,-78.6875715
David Harmon,58,1514 Johnson Springs,Sethburgh,Washington,67605,-175.549058,5.411776
Kathryn Goodwin,53,326 Paula Shores,Whitefurt,California,88542,50.641031,65.996170
Alison Brown,49,508 Johnson Point Suite 704,West Meganbury,Oklahoma,18820,-116.164967,-71.681867
James Nichols,45,318 Benjamin Mountain Suite 261,Robertsberg,Texas,94069,152.289261,79.247532
Jeffrey Jackson,21,48561 Ramos Spur Apt. 497,Phillipchester,Connecticut,53953,-159.054541,-52.9869875
John Hill,63,53046 Janice Plaza,Kimburgh,Virginia,61614,144.558426,-7.035247
Mrs. Kimberly Harris,18,97202 Young Ridges,Popechester,Utah,70612,176.583328,-12.240490
Christopher Carter,23,73266 Darrell Expressway,New Michael,Ohio,89167,34.151524,59.8034445
Pedro Carpenter,18,1808 Harvey Orchard Suite 106,Port Kathleenmouth,Delaware,02583,112.615774,-11.9188975
Carrie Ross,76,460 Rogers Spurs,Port Sara,Colorado,35667,-53.085711,84.559792
Douglas Skinner,71,1745 Rosales Flats Apt. 447,Garciachester,Wyoming,26453,-18.492855,43.636548
Joseph Perez,54,9297 James Fields Apt. 084,Lake Cynthiaview,Mississippi,60834,94.125621,-28.3172635
Tyler Moody,37,10198 Alicia Dam Apt. 380,South Darren,Washington,65907,-173.399501,-20.557757
Steven Neal,80,389 Marquez Divide Suite 247,Port Kimberly,Hawaii,51894,-42.283340,-50.611904
Christopher Reynolds,74,223 Cameron Land,Port Michaelville,Indiana,01612,-178.400248,11.228025
Warren Love,26,24097 Jeffrey Garden Suite 887,Davidview,West Virginia,07988,131.411462,-22.0397735
Jonathan Gray,21,92569 Denise Fort,Myerschester,Colorado,89172,-157.711571,-82.005552
Jesse Moore,79,7792 Kerry Causeway,Johntown,Virginia,51606,140.825103,-38.567324
Alyssa Allen,51,81738 Charles Station Suite 073,East Molly,Indiana,20780,-33.061567,87.908524
Andrea Johnson,36,5229 Harris Ferry Apt. 995,Michelleville,South Dakota,81557,-57.509048,-70.475285
Natasha Ford,79,04721 Hoffman Well Suite 112,Lake Mark,Utah,39640,91.849029,-29.7270885
Amy Duncan,32,835 Ellis Shoals Suite 473,New Meganport,South Carolina,23437,87.074949,80.2798585
Michael Scott,47,657 Morgan Mill,Angelicastad,South Carolina,49225,-22.510068,-78.536829
Rodney Gardner,59,980 Scott Isle,Marshallfurt,California,05929,38.760294,-73.7553845
Christine Williams,37,826 Michael Drives,South Jonathanland,South Dakota,07529,97.710693,-52.875607
Christopher Thomas,22,076 William Vista,Jessicaland,New Jersey,38313,-89.886405,59.8043195
Theresa Castillo,69,8878 Miller Dale Suite 372,East Hannah,Vermont,32999,-100.700646,85.4031625
Erik Rodgers,77,0092 Martin Mountains,Michelleview,New Mexico,99197,-142.449458,-16.4519515
Stephanie Craig,61,175 Wells Shore,Tonyaton,Florida,09946,-33.863934,56.3295275
Mr. Wayne Thompson,72,45115 Young Port,Lake Alyssafurt,Alaska,68197,139.804412,75.890620
Jessica Carter,27,56425 Nancy Causeway,New Catherinefort,Nevada,85411,164.093210,-55.818828
Nancy Moore,71,312 Graham Squares Suite 478,North Kenneth,Oklahoma,53423,82.460057,81.3674825
Kyle Yoder,30,233 Williams Drive Apt. 657,Keithtown,Alaska,62932,-17.551997,-66.978914
Tara Boone,36,91020 Tonya Garden,North Tonymouth,Arkansas,67747,167.424041,67.2620645
Christopher Bennett,75,2511 Hughes Throughway,Lewistown,Kentucky,84145,-135.328575,-56.166066
Dylan Mitchell,41,8672 Hunt Park Apt. 740,New Lorifurt,Indiana,27378,-53.910936,-83.885027
Gregory Smith,63,14625 Heather Crest Suite 369,Collinsshire,Tennessee,49701,-11.827427,41.1602345
Erika Romero,58,63454 Joseph Springs Apt. 109,Port Carla,Nevada,10680,174.368373,-33.420215
Melissa Sherman,53,784 Amy Turnpike Apt. 841,North Ashleybury,Nebraska,14173,-13.495758,23.6734955
Lisa West,56,1301 Tim Center,Michelleside,Kentucky,47235,37.877737,85.110924
Kimberly Marquez,43,69260 Roberts Brook,Robertshire,New Jersey,23209,-160.261423,-45.239263
Martha Walker,78,5847 Sanders Spring Apt. 601,North Keithborough,Louisiana,26446,70.816810,79.0095765
Kathleen Lynch,37,9989 Christopher Island,South Maureen,Arkansas,69278,-12.936998,-0.7894955
Nicole Smith,28,598 Amy Throughway Suite 582,New Tanyatown,Delaware,04134,43.178040,-70.068173
Kenneth Lane,77,55836 Stevens Hollow,Henryburgh,Illinois,60989,137.503614,5.865378
Whitney Marks,51,6449 Sweeney Drives Suite 924,Cameronview,Hawaii,14884,-91.222768,-54.633097
Tara Peters,39,0887 Prince Bypass Apt. 902,South Troy,South Dakota,65848,87.167531,23.3364335
Christopher Stewart,67,8051 Melissa Burgs,Danielburgh,Oklahoma,06007,-168.231404,-86.0972515
Mary Ellis,72,0133 Diaz Squares,South Johnstad,Maine,27931,-58.586044,-40.6552345
Jonathan Peters Jr.,52,14869 Gregory Corner Suite 572,South Crystal,New York,28726,138.539447,22.5758665
Mary Harris,65,0403 Traci Estate Apt. 876,Chadberg,Wyoming,51825,-7.153251,-44.903094
Cody Tucker,62,4514 Bell Green,Macdonaldborough,California,42414,-67.345967,-65.4601805
Maria Wall,32,75264 Hall Prairie,Barkerfurt,Idaho,90215,-157.295461,-23.698165
Mary Weber,23,766 Kenneth Garden,West Patrick,Maryland,70159,-131.670126,-47.8434815
Alexander Martin MD,19,250 Smith Road,Angelaland,Massachusetts,88472,-127.973729,-24.411123
Angela Williams,68,365 Baker Trace,Montgomerychester,Wisconsin,30417,-104.978175,-60.6133635
Chad Lester,63,875 Aguilar Extensions Suite 299,Wagnerchester,Maryland,25187,-100.900265,74.4227575
Sean Wright,41,596 Kathleen Skyway,Port Kimberlybury,New Hampshire,96288,-108.055995,14.201485
Jessica Villa,52,0651 Williams Pike Apt. 261,Patrickburgh,Nevada,02218,97.609007,24.317798
Jason Patterson,40,512 Christopher River Apt. 975,New Joseview,Nebraska,78737,155.333741,-57.3418185
Teresa Fuller,26,45686 Brittany Passage Apt. 245,West Jeffreyview,Alaska,24675,-145.296094,-20.2030175
Troy Haynes,55,446 Jessica Wells Apt. 105,Andersonchester,Virginia,53614,-80.116449,-52.9052555
James Castro,60,39470 Melody Inlet Suite 599,Kayleefurt,North Carolina,86610,96.126615,-22.432420
Mary Myers,69,363 Clay Knolls,Hardyport,Minnesota,09320,-79.482715,-1.215703
Helen Wright,43,9191 Jessica Divide,East Tammy,Iowa,54010,-67.581333,-26.3345195
Kathleen Bailey,51,143 David Shoals Suite 289,Kylehaven,Arizona,32733,-157.573054,19.4758725
Sarah Green,39,049 Katherine Crossing,North Robertfort,Iowa,30103,49.255510,65.7132365
Yolanda Mendez MD,29,868 Cindy Street Apt. 734,Gibsonborough,Montana,95464,-145.837148,13.4428635
Connor Maxwell,43,530 Dunn Skyway Apt. 677,Hurleyhaven,Alaska,45092,-179.572978,74.873480
Catherine Johnson,30,550 Paul Courts Suite 463,New Joshua,Arkansas,16485,28.526602,7.477174
Michelle Turner,24,00470 Alisha Ports Apt. 050,Brownbury,Idaho,41260,-115.860804,46.408244
Brittany Baker,50,0353 Williams Fields,Bethmouth,West Virginia,82930,69.446135,76.959667
Robert Liu,47,4827 Laura Pine Suite 397,Jonesstad,Delaware,34828,-129.345500,-41.4791355
Dr. Adrienne Solomon,19,823 Mitchell Lane,Harrisontown,Kansas,88769,-71.463643,83.1356565
Stacy Stevens,28,4825 Davis Meadow Suite 283,Johnstonland,Alabama,37532,32.280345,39.6234545
Ashley Richardson,60,2438 Michael Square Apt. 888,Valeriefurt,Louisiana,23547,21.405657,-16.5093915
Katelyn Smith,28,5271 Michelle Hill,Lake Christopherfort,Louisiana,69516,16.733851,56.239054
Taylor Green,53,860 Jerry Forges,Johnsonbury,Utah,13107,-117.222565,47.8249235
Whitney Graves,79,14462 Montes Points Apt. 025,Port Teresaton,Nebraska,10464,-165.541962,-3.0622455
Jillian Bell,29,374 Martinez Streets,North Crystal,South Dakota,89211,-11.205941,33.3057045
Natasha Soto,69,869 Owens Hills,Lake Jimmy,Massachusetts,92821,-165.130526,-51.692222
Jermaine Harper,70,4170 Buck Mountain Apt. 779,Port Catherinechester,Utah,70091,5.930049,-82.276878
Kristy Cortez,28,920 Hunter Pike,Kristieton,Alaska,48705,113.199125,-85.500635
Wesley Jackson,36,76331 Garrett Lake,Lake Steven,Maine,77722,-136.409648,-30.389344
Nancy Harris,67,0520 Sharon Ville,Port Lauraside,Alabama,14284,-148.549217,35.9836945
Scott Manning,70,8331 Christopher Neck Apt. 731,Christopherhaven,Kentucky,82219,27.195217,16.1921815
Jessica Newman,32,0695 Bailey Fort Suite 230,Bryanland,Rhode Island,23953,-179.414065,70.6824355
Jessica Jordan,46,2068 Gina Mews Apt. 330,Jessicaville,Connecticut,98402,-103.815520,14.2838815
Karen Gonzales,79,729 Hernandez Lake,Port Michael,New Hampshire,67157,128.981868,-28.055566
Phillip Lara,65,782 Moran Turnpike Suite 353,New Debbie,Wisconsin,50837,81.317669,39.2991635
Dawn Montes,19,398 Webb Oval,Kellychester,Washington,19265,74.263055,-27.3507655
Sarah Mitchell,27,5793 Matthew Turnpike,West Jeffreytown,Utah,76012,-86.666429,-56.6074065
Sharon Adams,18,3685 Tony Green Apt. 583,North Cynthia,New Jersey,04305,26.442082,-78.4328475
Christine Cruz,22,7023 Baker Flats,West Andrew,West Virginia,13263,139.475040,-77.863117
Paul Dyer,29,3823 David Plains,West Ianmouth,Delaware,58193,8.091145,30.9681265
Colleen Gonzalez MD,62,997 Shannon Stravenue,Caseyland,Kentucky,70589,-117.521470,-17.2357405
Aaron Brown,78,38463 Sherry Streets,Lake Steven,Georgia,13212,174.204775,-44.8886475
Trevor Mitchell,29,69942 Anna Point Suite 354,Brucefurt,Tennessee,74810,-168.196914,-38.107699
Elizabeth Rivera,45,2639 Felicia Expressway Suite 813,Lake Michelleside,Arkansas,05203,-155.020623,59.869695
Kristin Swanson,49,0926 Gregory Mount Suite 829,Lake Geneberg,Maine,86484,-34.459073,-18.9808615
Valerie Petty,39,78050 Regina Tunnel,East Nicholasport,Alaska,49873,137.647084,10.007476
William Smith,67,93641 John Mission,Tonyashire,Indiana,24894,-139.525803,-59.015543
Zachary Lewis,34,3966 Barker Knoll,Summerville,New Hampshire,62232,-160.025259,7.3698135
Heather Collins,32,78430 Powers Views Apt. 184,Rodneyview,Illinois,60631,-106.697438,-17.565105
Courtney Lee,53,506 Michael Wells Suite 286,Rileyville,New Mexico,17336,62.969690,-44.054967
Benjamin Branch,32,69356 Kevin Locks,Michaelville,Arkansas,87622,-138.208351,-21.172763
Ethan Johnson,34,75091 Stevens Course Apt. 177,South Jennahaven,Utah,19566,89.575869,59.9275425
Nicholas Roy,51,87638 Wesley Parkway,West Randytown,Idaho,28114,-39.770517,87.896689
Lisa Greer,39,9198 Mark Plains Suite 037,Nataliemouth,New Mexico,61671,60.103069,78.7867805
Kevin Merritt,35,010 Davis Dale Suite 011,Teresachester,Oklahoma,05284,-46.359710,-84.7024165
Leonard Valenzuela,31,55182 Richard Mission,Avilaton,New Mexico,06007,-114.747902,-63.3981845
Denise Johnson,43,794 Melissa Square,Hernandezchester,Nevada,46151,-88.478736,-61.0029765
Doris Smith,52,5768 Leon Ridge,Penningtonton,Indiana,08073,85.399295,30.0030795
Kenneth Williams,63,995 Brown Prairie Apt. 320,Barryshire,Alabama,76207,-120.727586,-40.334277
Wesley Valentine DDS,68,38767 Garcia Mountain Apt. 913,Wrightport,Delaware,84430,-170.234638,-7.2106655
Deborah Salazar,26,8352 Thomas Springs Apt. 214,Lindaburgh,Maine,56885,43.455295,18.173498
Jeffrey Gross,62,54343 Brooke Run Suite 602,North Matthewbury,Alaska,34128,-66.332765,-27.994830
Jason Ellis,53,2008 Floyd Alley,Amandaville,Pennsylvania,27272,-27.313525,56.711512
Daisy Harris,72,0359 Jones Grove Apt. 140,Davidshire,Maine,97726,114.276132,3.391612
Matthew Reynolds,49,8623 Barrett Haven,Cummingschester,Idaho,59902,48.278470,86.482455
Robin Clark,22,235 Natalie Square,New Jasonland,South Carolina,12773,98.255909,60.976411
George Lawson,20,839 Sarah Dale Apt. 091,Port Dennis,Alaska,33183,-21.682611,-85.770490
Morgan Roman,75,76453 Calvin Mews,Lake Brian,Colorado,52808,120.429674,56.090440
Jessica Johnson,74,440 Campbell Mall Suite 732,East Jessicachester,Kentucky,75824,-12.284131,8.529606
Darryl Smith,79,9683 Franklin Inlet,Annaton,North Carolina,18324,-20.202212,76.623879
Michael Weber,30,31380 Coleman Point Apt. 964,Woodhaven,Tennessee,98912,99.969285,6.7007295
Miranda Brady,47,482 Gerald Mills Apt. 341,New Susan,Colorado,61519,-83.238345,-17.5647125
Douglas Nixon,22,254 Phillip Neck Apt. 007,New Daniel,Idaho,29690,14.381427,77.9216215
Scott Carter,40,2856 Sue Fork,Richardhaven,Tennessee,82471,-54.973569,53.3476135
Tina Diaz,53,16480 Hall Street,Kristinport,Utah,74699,105.640389,-43.8829275
Stephen Roth,25,74177 Daniel Plains,North Yolanda,Connecticut,50348,111.367232,-9.430978
Christine Andrade,19,0651 Tucker View Suite 378,Martinezland,North Dakota,72967,120.546890,48.275958
Nicole Turner,53,3386 Rodney Valley,Moorestad,Maryland,60460,-97.810659,31.3441195
April Mann,72,10460 Stephanie Throughway Suite 598,Port Michaelshire,South Dakota,22844,-86.880200,52.2023495
Elijah Osborne,32,945 Manning Mountains Apt. 254,West Jasonside,Nebraska,88143,-121.767746,49.970783
Thomas Young Jr.,55,0633 Yoder Village Suite 032,North Marilyn,Virginia,19359,-148.624774,48.9278015
Lisa Gonzalez,25,46255 Tonya Lakes,Morrisport,New Hampshire,92604,-155.438298,65.146375
Matthew Monroe,33,48380 Higgins Crossroad Suite 956,New Justinside,Utah,21686,-71.661136,-60.8702595
Gregg Galvan,30,542 Justin Corners Apt. 729,Valdezmouth,Georgia,61402,-133.955474,34.863837
Donna Daniels,32,68056 Cohen Plains Apt. 992,Foxshire,Iowa,58247,-39.035649,-2.5144435
Samantha Carrillo,23,0398 Bryant Overpass,Chapmanland,Illinois,53886,-44.182958,83.0316765
Bethany Monroe,26,0585 Booth Fort Apt. 433,Keithview,West Virginia,90078,138.722816,47.4987905
Stephanie Carter,75,95195 Golden Alley Apt. 891,Youngmouth,Connecticut,93397,170.270011,-65.7240485
Michele Clark,77,19445 Davis Corner Suite 608,Barnettton,Illinois,89511,-109.569268,75.896816
Leonard Rubio,23,77742 Pham Key,Summersburgh,Wisconsin,42565,-87.217718,-64.677487
Christopher Jenkins,78,265 Jacobs Loaf,North Andrew,Indiana,94653,36.144324,-19.344158
Hannah Willis,53,5795 David Road Suite 573,New Christopher,Illinois,81699,160.434698,74.632793
Kelly Lopez,58,3075 Rodney Track,Christensenton,Alabama,97534,-62.304132,70.959994
Lisa Ramirez,77,373 Cruz Alley,West Joshua,Nebraska,40356,-33.192323,46.5451625
Kristi Williams,51,0923 James Plaza,Garciaburgh,Maine,07442,-17.538457,-6.464121
Jorge Morrison,74,977 Sarah Mountain Apt. 246,North Katrinaside,Washington,98627,-136.402994,-70.821054
Daniel Edwards,42,57150 Mejia Ports Apt. 138,West Heatherburgh,Delaware,31610,-71.739719,-75.571236
Sean Randall,51,403 Wilkerson Knolls,Port Andrew,Ohio,88001,-130.251128,-28.9575945
Mark Tyler,37,483 Parker Viaduct,East Timothy,Georgia,64335,-18.061330,-12.303216
Jerry Kirk,66,3905 Daniel Centers Suite 846,West Sandrastad,South Dakota,30424,-150.262617,-88.8729455
Robert Perez,20,0672 Charles Orchard Apt. 329,Williamsborough,Nevada,88374,171.329760,-41.2261445
Jacob Patton,37,05526 Howe Park,Ralphville,South Dakota,56004,6.019165,72.4332195
Mark Stewart,52,102 Zachary Canyon Suite 647,Pattonview,North Carolina,16340,-157.405535,-27.122635
Claire King,33,27865 Paul Manor,Brendamouth,Idaho,11388,135.812717,-45.4214595
James Bush,73,30024 Joseph Mews,East Henryshire,Iowa,43638,-15.473574,73.671742
Erin Mcbride,38,61559 Dean Parks,Harmonmouth,Montana,28974,91.961194,-21.885395
Joseph Butler,48,91108 Ponce Keys,East Paul,Connecticut,71471,-154.971703,-13.533536
Jon Thomas,48,2653 Russell Light Suite 197,Suzanneburgh,Arizona,01143,-55.405724,6.6332325
Emma Sanchez,22,580 Manuel Garden Apt. 752,South Veronicahaven,Indiana,32205,-120.920425,-1.726349
Bradley Hernandez,66,14143 Michael Walk Suite 269,North Jamestown,Oregon,41502,-140.326685,-65.9042435
Christopher Lee,18,30601 Anthony Streets Suite 201,South Olivia,Indiana,85330,169.817662,41.143141
Karen Reilly,65,574 Schultz View Apt. 454,Barkerburgh,North Carolina,51047,-173.199678,-41.0106445
Wendy Christian,65,99865 Kari Wells,Timothyland,Utah,05590,-149.548775,85.659160
Kelly Perez,62,3643 Logan Divide,West Kathryn,Massachusetts,57861,98.011288,-24.649242
Melissa Harris,80,8585 Reyes Cliff Suite 635,West Ryanborough,Oregon,67084,115.287225,-30.776189
Katie Fields,76,0853 Anthony Course Apt. 915,Port Nicolemouth,Wyoming,35890,129.349697,47.7342625
Patricia Gutierrez,25,8455 Brian Mills Apt. 243,Christianhaven,Vermont,31206,-42.579133,68.064754
Peter Jones,67,174 Hines Rapids Apt. 554,Rodriguezview,Arkansas,52806,-150.030589,-88.869406
Jordan Barron,44,70830 Sanders Turnpike Apt. 929,Kaufmantown,Ohio,83038,-57.805067,81.005405
Russell Patton,41,580 Molly Summit Apt. 548,Rangelstad,Washington,34523,-97.913947,4.5408965
David Nolan,79,63867 Summers Green,Bakermouth,Oregon,16598,159.912515,-83.5530945
Bryce Doyle,80,3317 Lee Field,Port Troy,Iowa,87148,-112.790382,-59.215644
William Webb,68,4176 Kimberly Drive,Biancaview,Alabama,84323,-12.134886,46.560254
Kyle Lee,62,63093 Mitchell Rue Suite 834,Russellmouth,Arkansas,86889,-82.619745,-48.149256
Christopher Luna,38,9142 Tammy Place,North Selena,Hawaii,12602,128.649417,36.3240665
Andrew Rodriguez,46,4828 Reid Wells Suite 147,Stephanieland,Wyoming,76478,117.557858,-35.1043105
Cynthia Freeman,34,373 Jones Mount Suite 770,Cunninghamport,Vermont,59094,-140.628871,-37.552950
Tara Reed,65,19927 Denise Square Suite 701,Millerchester,Virginia,02364,121.243765,-89.0589875
Daisy Martin,47,64141 Diane Point Apt. 679,Lake Michelle,Michigan,51043,-168.501087,37.0477695
Tommy Casey,74,391 Hansen Isle Suite 184,Bensonburgh,Arkansas,70838,-37.316703,-41.9921305
Christy Bennett,39,12628 Kyle Islands,South Jonathanmouth,Arizona,13119,-164.397673,-69.783246
Kenneth Lopez,32,2845 Martinez Spurs Apt. 877,Jackstad,Alabama,59383,-2.851718,-44.7724285
Francis Lee,59,69046 Young Garden,Lake Johnshire,New Jersey,50848,129.041241,-14.094889
Amanda Sparks,72,508 Stanley Square,Michaelborough,North Carolina,24553,177.908572,-48.893047
Kathryn Mendez,59,5587 Nicholas Island Apt. 306,Port Richardville,Vermont,37477,160.861209,-74.335023
Alexandra Jefferson,80,737 Donna Cape Suite 932,Harrisberg,Kansas,36805,-152.123899,-32.937293
Maria Hall,80,90828 George Manor Suite 177,Horneburgh,New York,81491,-128.098416,-35.6478165
David Hernandez,79,878 Massey Club Apt. 050,South Steven,Colorado,25135,145.017341,48.5777115
Cathy Jackson,35,442 Andre Points,Jonesland,Hawaii,72287,-154.737061,65.3832925
David Hoffman,70,72517 Spencer Hills,West Randy,West Virginia,08761,-113.299537,-15.385361
Robert Thompson,78,01345 Williams Corners Suite 205,Ellishaven,Hawaii,57428,114.950207,-30.9014225
Kelly Larson,58,8445 Joe Spur Suite 956,Silvachester,Wisconsin,70107,-32.550862,-38.176333
Thomas Osborn,56,13841 Brady Meadow Apt. 018,Rhondaport,Washington,23690,-20.799886,-23.780024
Michael Cooper,70,8164 Jessica Harbors,Rachelborough,South Dakota,92002,-157.076045,78.1659325
Robert Kennedy,45,90589 Wilson Green,Veronicaburgh,Arizona,60833,-149.523787,-41.4574975
Michelle Allison,53,9594 Nicole Bypass Apt. 604,South Christinaview,Maryland,45510,53.347264,-10.6887655
Michael Flowers,68,290 Veronica Valleys Apt. 862,East Kyle,Utah,00967,-51.709759,41.913462
Adriana Wall,66,858 Logan Stream Suite 168,Morrisonchester,Missouri,92104,33.326823,-88.153144
Jacob Schneider,27,80866 Tammy Neck Suite 930,Christophermouth,Oklahoma,71889,-110.119565,5.9460775
Ariana Perez,63,29313 Smith Locks Suite 128,South Joseph,Oregon,98518,47.242384,69.2853425
Nicole Watson,28,23867 Ferguson Spur,Toddfort,West Virginia,06305,-36.203437,14.003796
Mark Franklin,51,09585 Thomas Ford,Dudleytown,Hawaii,69561,45.129586,-2.3471755
Hayden Reed,39,652 James Extensions Suite 080,East Marcland,Iowa,13027,-13.749591,-4.7052135
Lisa Liu,56,00029 Evelyn Corner Suite 434,Murraystad,Louisiana,98181,-167.820396,-20.4734145
Susan Arnold,63,105 Jackson Mission,Hannahfurt,Wyoming,34354,45.581926,76.733582
Mallory Hall,61,1496 Dickerson Meadow,Lake Davidberg,Idaho,15722,175.965224,76.046656
Brandy Gomez,38,5371 Schwartz Points,Lake Veronica,South Carolina,68234,70.537846,42.622634
Cynthia Leon,28,479 Martinez Land Apt. 438,Sherryland,Colorado,56696,72.855719,46.267478
Robert Bailey,74,53498 Whitaker Motorway,New Brandonfort,Arkansas,60365,112.468401,61.6234065
Richard Juarez,40,6527 Perez Avenue Suite 883,Eugenebury,Missouri,88527,35.269101,69.293637
Robert Mason,38,4045 Miller Squares Apt. 231,Kristineport,Vermont,83197,-155.463949,68.152567
Kelly Vasquez,60,38231 Kevin Ranch,West Monicastad,Wisconsin,70052,138.999621,-11.026283
Sean Callahan,68,93029 Monroe Loop Suite 957,Lauramouth,Texas,31005,-91.699263,-66.579323
Rachel Coleman,48,759 Griffith Shores Suite 990,Lake Spencershire,New York,17300,177.025018,-44.5190825
Lori Wilson,53,987 Kristin Divide,Lake Cheryl,Maryland,03616,-15.424999,43.1824815
Kimberly Li,45,921 Michelle Meadow Suite 499,West Mariafurt,Arkansas,80723,2.722758,51.5969115
Brian Guerra,54,9241 Cynthia Ferry Suite 849,Port Brianview,Texas,17153,61.898140,-75.346947
Dr. Kim Duarte,23,139 Andrew Haven,Ronaldville,Nebraska,85774,-46.348605,-75.281289
Michael Hunter,51,74201 Brown Mills,North Jenniferside,West Virginia,90359,160.631901,-2.168761
Kristina Taylor,49,876 Scott Gardens,Meganborough,Pennsylvania,49425,-167.143897,-3.1606555
Patrick Simon,44,51515 Christopher Square,North William,Alaska,78348,-153.229881,80.5529485
Stanley Parker,20,0733 Kelly Field Suite 454,Port Brandy,Iowa,60991,-159.817134,-68.644828
Nathaniel Velazquez,24,094 Devin Meadows,Valdezbury,Georgia,69223,-76.406695,-39.240417
Rachel Li,32,372 English Fords Apt. 274,East Tiffany,Arizona,24956,-160.661528,19.9400055
Amanda Rivera,59,2449 Jones Fort,Lake Daniel,Vermont,87976,-45.355973,42.427309
Damon Everett,39,032 Julie Ways,East Michaelton,Kansas,76621,-21.188504,-27.1236795
James Garcia,47,9339 White Mill,Dannyville,Colorado,96009,-102.045954,35.1936485
Chelsea Miller,69,2783 Robert Field,Caseyhaven,Hawaii,66713,69.459584,-22.036370
Laura Bailey,78,95146 Ayala Camp,Port Tammy,Kansas,33047,-31.149467,-40.990547
Natalie Franco,77,4302 Geoffrey Lodge Suite 567,Lake Juan,Florida,69615,-64.244256,-12.3897565
Evan Bass,47,504 Becky Canyon,Richardsonberg,New Mexico,47798,100.563191,-37.540479
Rebecca Barrera,18,55847 Coleman Ranch,Port Tiffanyview,Georgia,56249,116.569624,-75.965182
Jennifer Medina,40,88896 Joel Glen,East Charlesborough,North Carolina,43462,-111.848632,-86.710963
Robert Norris,49,485 Adkins Cliffs Suite 361,Lindseyland,Virginia,62813,161.229094,-31.617575
Melissa Sandoval,19,579 Brown Lock,West Shanestad,Massachusetts,12681,103.057256,-61.613871
Brandy Herman,72,32549 Bray Row,Kathyfort,New Mexico,16251,-179.015138,-1.4007585
Dustin Coleman,23,376 Lin Coves Suite 526,Brucetown,Illinois,66457,111.654878,-67.499934
Scott Thompson,59,86651 Freeman Spring,Kyleside,Minnesota,20134,101.906741,13.6758135
Kristy Scott,77,2494 Ray Spur Suite 570,Port Jessicabury,Vermont,57449,-59.172452,-47.7257505
Rachel Franklin,50,77760 Figueroa Rue,Martinland,Tennessee,27035,-6.497264,-0.1064195
Michael White,42,0371 Smith Drives,Shawnburgh,Arizona,97629,-31.773909,-29.7066855
Steven Taylor,21,84991 Jones Meadows,New Harryview,Missouri,43243,116.070002,85.352004
Katherine Tyler,60,92516 Debra Field,East Johnview,Pennsylvania,22298,33.876920,18.460481
Melinda Reyes,53,65083 Lawson Court Apt. 494,Marshhaven,Rhode Island,88616,60.273810,65.6811785
Andrea Haas,56,83027 Thompson Knolls Apt. 657,Justinport,Florida,28420,-34.618873,-61.6897735
Christopher Murray,79,29107 Gates Well,Hatfieldchester,Mississippi,40067,-39.229612,70.381128
Angela Brewer,50,994 Laura Court Suite 915,North Andrew,Utah,56909,128.321401,35.1763195
Christopher Gates,64,323 Jeffrey Mission,Stephenchester,Wisconsin,38756,162.599239,64.726334
Kayla Walton,63,680 Kirsten Land Apt. 446,New Joshuafurt,Illinois,23334,27.802566,21.2035505
Danielle Patel,32,50916 Martin Wall,New James,Maine,20210,-60.260153,50.556222
Heather Howard,61,80649 Sutton Pike,Mariamouth,Iowa,66826,33.317789,73.1286835
Brenda Lowery,41,895 Martinez Trafficway,Williamfort,Arizona,45777,-121.552678,84.854097
Leslie Harrison,19,42743 Smith Isle,New Timothyville,Oregon,30124,162.297933,-25.461399
Carol Jimenez,66,9231 Jimmy Keys Suite 812,Nealland,Arkansas,03826,70.136339,-6.9603935
Jonathan Stone,59,47628 Johnson Viaduct Apt. 207,Timothyview,Michigan,94417,62.368325,23.116517
Matthew Adams,31,5643 Sergio Gateway Suite 127,Jonesberg,Texas,64273,79.587727,36.606028
Jeremy Gibson,54,90144 Barrett Shoals,North James,Ohio,95476,138.651010,20.8018835
Samantha Dyer,19,5419 Jody Row,Herreraville,Idaho,82544,10.807543,10.600514
Penny Wilson,54,2098 Smith Groves,Lake Veronica,Oregon,04235,114.166765,-74.166219
Daniel King,25,920 White Green,East Juantown,New Jersey,25569,-67.455943,21.375431
Olivia Boyle,38,1980 Robert Garden,Martinezmouth,Michigan,25918,-64.417815,51.3249315
Zachary Brown,39,56454 Nicholas Pike,Port Tammyshire,Oregon,46366,174.149035,-59.6148535
Jennifer Rodriguez,71,44988 Nicholas Burgs,New Stevenmouth,New Hampshire,83822,-53.467330,-24.1897115
Stacy Oconnell,26,430 Garrett Course Apt. 638,Lake Michaelfurt,Nevada,70199,-37.154764,60.9271805
Wesley Graves,49,4935 Jacob Lights Suite 263,Bartonport,Vermont,35627,109.924659,-36.670456
Dorothy Lucero,65,737 Johnson Orchard Apt. 941,Martinezstad,Ohio,40495,-179.220542,35.7354035
Patricia Edwards,39,94348 Stephens Burgs,Jenniferville,Alabama,57566,45.496566,27.6621325
Dennis Fischer,53,4543 Robert Extensions,Wilkinsmouth,Utah,05439,-35.792065,37.3152715
Nicholas Porter,31,327 Johnson Springs,East Margaret,Pennsylvania,10648,56.289973,51.254370
Veronica Miller,69,02828 Ryan Via Apt. 990,Dennisland,Vermont,31916,50.845632,-88.6526805
Elizabeth Mills,26,13465 Bowen Course,Rachelville,New Mexico,68175,46.493895,89.6644045
Alyssa Chen,27,52343 Steven Forge Apt. 965,Gonzalezborough,Wyoming,13562,-111.305796,23.6073605
Lynn Johns,35,191 Jarvis View Suite 328,East Kristen,Utah,12139,135.512352,-29.870315
Sarah Rodriguez,48,77163 Parsons Cliff,Nicholasbury,Nevada,94185,-3.603523,-56.290789
Maria Lewis,35,0871 Rachel Fork,Lake Joshuachester,Minnesota,01900,62.627158,-67.0338585
Erin Townsend,54,7659 John Lock,East Kevin,New York,81231,-151.620672,52.772828
Priscilla Bentley,29,3342 Brenda Turnpike,Rogersfurt,Mississippi,96213,-107.250798,36.8089595
Anthony Walls,33,735 Gerald Crossing Apt. 575,West Justinton,Montana,45363,108.361337,59.237136
Ryan Thompson,21,479 Pena Bypass,Lake Adam,Arizona,36988,101.861124,-19.2528815
Alan Buckley,55,096 Robin Extension Apt. 104,Brightport,New Hampshire,50675,98.985218,75.126698
Janice Mendez,41,43368 Melton Hill,Lake Susan,Pennsylvania,98411,68.387130,46.916996
Sharon Thomas,47,21208 Williams Place Suite 080,Port Paulburgh,Hawaii,22231,22.508114,-80.488556
Michael Walters,53,354 Jennifer Motorway,South Peter,Vermont,31362,7.628425,43.8767465
Vernon Lawrence,22,23892 Sloan Groves Suite 316,North John,West Virginia,14388,145.544954,-49.4757715
John Fisher,24,2532 Davis Ridges,Millermouth,California,23296,-138.689942,79.352386
Wendy Green,61,48970 Ann Lake,Lake Brandontown,Idaho,26376,71.940023,25.3056725
Charles Barrera,52,53137 Dyer Lake,East Elizabeth,Minnesota,89762,144.311455,-61.145598
Javier Hughes,64,85018 Patricia Divide Suite 065,North Jacobborough,Virginia,66272,170.390747,10.6093595
Monica Smith,70,14315 Lawrence Spurs,Lake Nicoleland,Utah,86162,-4.978105,-53.4022705
Steven Berry,46,473 Devin Court Suite 048,Davisberg,Virginia,80497,77.689630,36.9735325
Zachary Collins,37,992 Jeffrey Walk Apt. 622,New Heatherport,Maryland,97585,96.028112,-27.996149
Richard Duarte,36,0326 Felicia Islands,Rossland,Minnesota,39796,-134.948276,1.9177575
Courtney Reid,20,2701 Thomas Burgs,Josephton,Kentucky,29332,72.613780,32.381552
Shawn Contreras,78,16688 Davis Springs,Lindahaven,Wyoming,05724,179.934441,-51.992944
Michelle Anderson,43,70828 Ewing Light Apt. 386,East Elizabethhaven,Maine,67361,-5.735176,-15.8958715
Anna Downs,38,419 Kaitlin View,Prestonberg,Massachusetts,34833,45.104143,-82.7921175
Jesus Powell,44,682 Jeremy Ports,Lake Stevenport,Missouri,97909,-23.117438,-35.394388
Daniel Bennett,33,028 Steele Field Apt. 355,Port Denise,Minnesota,48866,-26.560231,80.074740
Nancy Glenn,69,2899 Dustin Center Apt. 730,Lake Patrickbury,Maryland,79997,5.813677,-0.0447175
Thomas Miranda,67,059 Travis Rue Apt. 522,West Martin,Hawaii,11473,-132.383906,49.4925725
Pamela Levine,51,836 Spencer Spurs Suite 156,New Susanborough,Idaho,14244,-63.062373,-4.697031
Kristen Lowe,23,0263 Shannon Cliff,Howellburgh,Arizona,55405,-50.590339,-22.395379
Vincent Haynes,63,64255 Bradford Mountain,Leshire,Montana,47158,-67.120358,-12.2667245
Jeremy Riley,72,596 Hayes Fords Apt. 536,Powellbury,Idaho,76566,100.363059,22.934199
April Green DDS,50,8138 Carter Overpass,South Anthonyhaven,Alaska,25221,13.809773,16.751804
Amy Lee,78,3622 Caitlyn Spur,Laurashire,New Hampshire,94904,-49.229569,-67.893490
Elizabeth Ingram,74,9315 Theresa Summit,North Richard,Iowa,15720,95.331175,65.9968025
Aaron Rosales,79,55958 Riley Mill Suite 831,North Jessicastad,Illinois,02029,105.379390,75.6091845
Diane Pearson,38,30321 Rivera Forks,Christinabury,New Jersey,70889,99.895908,25.973460
Ryan Miller,34,415 Lori Shores Apt. 787,Michelleview,Iowa,86477,1.962675,29.3219215
Angela Rhodes,35,385 Stevenson Extension Suite 538,Port Patrickport,Oregon,10468,-104.401159,17.578520
Henry Williams,32,40762 Francisco Branch,Jenniferburgh,Colorado,66254,-36.291316,58.8022075
Jason Hudson,38,48660 Thompson Shoal,Simpsonfurt,Arizona,34444,-112.343229,-20.266675
Marcus Valencia,66,790 Smith Hollow Suite 273,Port Natalie,Idaho,51034,-113.978456,7.3533225
Victoria Hernandez,25,3622 Craig Burg Apt. 703,Johnsonside,South Dakota,54970,-146.492151,-12.531659
Allen Williams,80,74219 Cynthia Cape,East Madison,Wisconsin,76818,99.799743,-66.707943
Michele Cook,43,7840 Johnson Creek Suite 739,Lynchchester,North Carolina,43043,-173.985532,-25.665474
Allison Roberts,39,6841 Gross Flat,Lewismouth,North Carolina,15916,52.257302,70.9414135
Leroy Rose,56,82514 Clarke Plain Suite 733,Rubenfort,South Carolina,09909,-63.169413,-34.5063465
Scott White,56,5468 Travis Expressway Apt. 822,New Charles,South Dakota,41752,166.485491,61.712894
Karen Pearson,21,021 Howard Plains,Lake Melissaside,Missouri,04373,150.536634,-2.7482105
Thomas Fox,20,81533 Derek Summit,New Kristina,Texas,88789,4.824783,81.254270
Betty Morris,78,52364 Murphy Walk Suite 207,Friedmanside,Arkansas,48892,-122.216314,60.003954
Joshua Clark,24,3760 Bell Forest Suite 799,Port Benjaminside,North Dakota,86705,-88.143080,4.8509815
Edward Smith,34,9549 Kendra Forks,Pooleville,Arkansas,39807,128.992186,-26.8946305
Jeffrey Patton,74,040 Pamela Unions,North Kevin,Maine,06811,-44.116357,82.3922075
Johnny Mckenzie,19,01841 Holloway Mission Suite 266,New Matthew,Illinois,30526,121.034968,-14.8715325
Lindsey Porter,66,088 Wyatt Parkways,Anitashire,Minnesota,77089,-36.903190,29.700957
Matthew Marshall,35,76566 Mitchell Stream,Ayerston,Alabama,80860,-25.967846,-75.5395075
Diana Adkins,79,149 David Radial Suite 389,North Heather,Alaska,87049,-57.997436,-63.8409585
Diana Martinez,73,089 Shelly Corners,Henryfort,North Carolina,04005,40.588850,74.5563445
Christina Sutton,43,5024 Porter Junction,Pittmanfort,Montana,04450,-125.310062,-9.0493855
Rachel Norris,66,166 Michael Burgs Apt. 152,Sharonstad,Utah,84508,-107.175652,66.3815185
Robin Lynn,52,96405 Holly Port Suite 993,Lake Vanessachester,Maryland,31741,86.552244,-72.5560295
Ian Lee,65,034 Mccarthy Loaf,Port Martin,West Virginia,98354,-126.863618,39.375338
Anthony Church,66,30537 Anderson Ports,Lake Justinstad,North Dakota,82450,-137.542951,53.2400995
Derek Fox,49,4234 James Summit,North Georgeville,Maine,35528,50.912145,80.2909985
Andrea Gonzalez,72,05117 Cindy Locks,Chanchester,New York,53250,166.673219,-64.1801195
Amanda Wong,41,4945 Lori Spring Apt. 178,Port Jamesborough,New York,82541,62.562869,68.6820645
Daniel Robinson,65,1981 Michelle Meadows,New Stephanie,Tennessee,73849,-56.608185,-20.930940
Arthur Delacruz,25,67368 Wilson Path,Chadmouth,Ohio,31404,25.615002,-28.6562875
Samantha Wells,38,48997 Thomas Shoal,East Lynn,Illinois,33213,86.964004,74.3595935
Patrick Cooper,67,8193 Smith Shore,Millerfort,Indiana,09949,-25.622859,-51.560827
Gary Ibarra,40,904 Arnold Fords,West Rebecca,New Mexico,81284,-161.156017,-78.3510185
Ryan Alexander,58,485 Nicholas Harbor Apt. 232,South Dana,Washington,12359,-91.578423,-38.9454585
Charles Crawford,66,032 Thornton Crest Apt. 123,Rogerston,Maine,48545,63.819227,-68.437597
Taylor Brock,22,9130 Martin Rapids,Lake Victoria,Utah,51510,-176.032377,-22.5222845
Diana Petersen,31,7862 Edwards Overpass,New Kathleenshire,Pennsylvania,26303,14.042652,6.5452235
Mary Prince,28,03498 Pope Plains Suite 955,East John,New Mexico,82321,-158.536856,-73.329199
Cody Flores,35,0385 Javier Plains Apt. 303,Elliotttown,Vermont,71164,-158.076108,28.678346
Robert Dean,18,1187 Jacob Harbor Suite 835,East Danielville,Delaware,04699,65.965920,56.909718
Katherine Kaufman,78,923 Herbert Cape Suite 138,West Cheyennechester,Rhode Island,66626,170.816568,89.861541
Joshua Guerra,53,176 Carolyn Fall,Port Erikburgh,Hawaii,69988,-102.589744,86.9050695
Courtney Nelson,52,3301 Angela Creek Suite 222,East Wendy,South Carolina,61829,-104.800010,-75.9413525
Brooke Matthews,37,67285 Heather Lane,Paulhaven,California,21790,155.025530,-72.9543445
Luke Williams,69,3829 Lara Mall,Claudiabury,Tennessee,09587,-132.874937,7.586920
Frank Campbell,21,1974 Erin Valleys,Jessicaland,Nebraska,66653,175.701451,66.942334
Dana Williams,77,37884 Sarah Estates,Bobbyton,Kentucky,36549,-48.517701,-86.8487715
Kathryn Thomas,36,70417 Jackson Well Apt. 619,New Ritatown,Kentucky,11424,-67.185632,-30.114294
Alan Smith,23,5078 Shari Viaduct,Lake Thomas,North Dakota,81252,-143.402614,38.004863
Brent Turner,77,661 Garrison Terrace,Lisahaven,West Virginia,98653,-170.892309,-83.534859
Adam King Jr.,61,0156 Tyler Circles,New Gina,Maryland,62552,48.207818,-73.548995
Brian Cook,61,097 Anthony Village,Ginaland,Oklahoma,75983,-6.698616,-76.849991
Ryan Kirby,35,93414 Jimenez Forks,Meganview,Idaho,54926,-165.677465,40.905318
Mrs. Cassandra Hall,33,71886 Jeremy Heights,New Timothy,Colorado,22384,43.289618,-22.1105435
Tyler Soto,37,509 Daniel Pike,Port Sarahshire,Louisiana,36267,-166.645297,35.264341
Allison Gallegos,42,35732 Terri Neck,Kevinberg,Alabama,10018,-100.009332,49.0409385
Timothy Gomez,36,88935 Miller Glens,Angelaport,Georgia,80445,3.882255,37.0192935
Eugene Moore,34,597 Pace Isle Suite 341,Beverlyborough,Kansas,79704,134.777348,33.6791345
Julie Vance MD,65,252 King Pass,Barrettchester,Arkansas,01139,134.944077,-20.615683
Thomas Case,30,448 Anderson Prairie,South William,Kansas,54313,34.651459,48.554212
Joshua Pena,77,0462 Amanda Parks Apt. 657,Williamsmouth,Georgia,68602,97.676775,35.391140
Christopher Frye,74,743 Vanessa Drive,Robertsfort,Iowa,97755,-146.034307,-38.1900755
Scott Peterson,23,27756 Moore Spring,New Nicholasstad,Washington,93201,158.049309,-31.9024845
Nathan Davis,22,76944 Cobb Drives Apt. 931,Thomasburgh,Massachusetts,97576,-154.881183,-48.365773
Lisa Mckinney,70,828 Burns Shores Suite 305,Port Kayla,Hawaii,37750,151.558277,-27.8307725
Sarah Watson,30,3558 Velasquez Lodge,Lake Michaelshire,Iowa,61629,115.215376,-0.312122
Vanessa Malone,61,6827 Henderson Lodge Suite 664,Port Nancy,Tennessee,63384,-160.334655,0.4906085
Julie Jackson,65,712 Matthew Light Suite 646,Port Monicamouth,Washington,79027,177.100518,-34.5005415
Mark Davis,33,16211 Jillian Row,North Sheryl,Nebraska,40946,-117.002174,53.708661
Christina Warner,68,0204 Steven Rapids Suite 134,Snyderchester,Virginia,23716,-95.212494,38.437249
Thomas Kelley,47,435 Ernest Place,Rosstown,New Jersey,76614,101.833617,29.163520
Patricia Weeks,73,941 Gardner Keys,Gutierrezland,New Mexico,54385,21.796921,-70.6563695
Crystal Hernandez,44,671 Smith Stream,Jimenezmouth,Ohio,38801,174.631871,-13.9486505
Sean Mills,68,7064 Jason Islands,Christopherport,Alaska,54214,-18.309269,-12.5559945
Vincent Gentry,71,3961 Gomez Ridge,South Lauraville,Minnesota,95885,95.316530,73.4102695
Tommy Miller DDS,55,019 Adrian Junction,Marcuschester,Tennessee,73900,21.505042,70.2524155
Steven Smith,44,1147 Hutchinson Hollow Suite 666,East Kirstenfurt,Kansas,25883,-6.252733,-23.852725
Michael Fernandez,57,00671 Hernandez Way,Matthewland,Connecticut,88705,84.683030,-2.1231765
Keith Jackson,52,702 Gonzalez Hollow,West Traceybury,New Jersey,88719,129.322501,17.567289
Greg Gibbs,49,30816 Larson Lodge Apt. 351,Michellemouth,Connecticut,19988,56.438475,34.159212
Nicholas Rivers,29,418 Suzanne Parkways Suite 433,South Erin,North Carolina,66267,-18.322419,45.615195
Jessica Anderson,71,5165 Green Center Apt. 030,North Henryland,Indiana,05135,-102.591666,-7.1550705
Nicole Foster,31,510 Michael Crescent,West Susan,Delaware,94523,165.306507,85.354079
Laura Ford,50,269 Michael Square Suite 900,South Thomas,New Mexico,55916,35.298915,5.5805065
Eric White,52,695 Hubbard Square Apt. 258,Amberborough,Indiana,65669,-113.769716,-9.558231
Kathleen Rodriguez,25,5661 Jean Groves,Heathershire,Oregon,52405,-165.339227,-68.949509
Robert Mata,61,059 Gomez Gardens Suite 479,New Margaret,California,48038,-20.241655,67.234747
Brittany Rivera,38,4194 Roberts Drive,Tapiastad,Pennsylvania,29592,177.136999,-16.6913775
Michael Smith,33,7108 Williams Greens,New Kayla,Ohio,01853,14.029128,86.7988035
Allison Chapman,69,503 Jason Square Suite 195,Charlesport,Georgia,63393,8.007957,-50.8345875
Cynthia Martin,42,21349 Timothy Spring,Larryborough,Connecticut,48743,-152.654751,1.558059
Donna Chavez,66,3488 Wood Shoal Suite 980,East Stephanie,Rhode Island,67948,-118.118783,-17.219814
Crystal Lee,54,6786 Kim Falls,North Jeffrey,Hawaii,05739,86.013915,-60.5426615
Erin Maldonado,31,8044 Hubbard Loop,North Jonathanside,South Dakota,93563,-53.757437,-68.2280305
Erica Stewart,58,13194 Toni Knoll Suite 458,Lake Tracyview,Louisiana,77308,-79.835932,-78.602048
Lydia Owens,19,4718 Hughes Pike,Lake Johnny,Massachusetts,29270,127.592179,-87.000202
Elizabeth Francis,27,10894 Owens Island,Port Ashleyside,South Dakota,97404,134.241279,16.407119
Joseph Small,23,0120 Jamie Via Apt. 859,New Christina,Oregon,20659,54.376392,85.582958
Kimberly Kline,21,88113 Peterson Coves Suite 548,South Paulfurt,North Carolina,75257,-52.144867,0.234202
John Irwin,75,5448 Samantha Station,New Jason,Missouri,99844,146.230034,-47.5235225
Kurt Hill,18,376 Kenneth Island,North Kathleen,Utah,94900,37.938205,-60.430895
Stephanie Cowan,50,73557 Melissa Loop Apt. 013,Armstrongview,Rhode Island,58738,-54.192664,-80.3733805
Stephanie Koch,42,68275 Snow Plain,Stuartshire,Michigan,68602,-100.675416,-52.164721
Randy Boyer,41,6560 Bell Greens,South Christinamouth,Idaho,19043,12.695142,-4.060879
Shelly Cross,79,64983 Cory Route Suite 553,Amyshire,Colorado,30001,-106.766572,-88.609780
Curtis Fitzpatrick,70,4327 Erika Plains,North Kennethview,Pennsylvania,58602,59.619617,-82.858834
Kristi Rogers,33,2310 Jeffrey Harbors Suite 923,New Tammy,California,13538,55.565714,-68.2105945
Tyler Saunders,28,7617 Rogers Fields,Marissafort,Connecticut,27384,-94.865834,32.3086175
Amy Hunter,75,5392 Werner Fork Suite 303,North Kyle,Delaware,70205,35.496658,58.992797
Ryan Doyle,45,59605 Paige Isle,Christopherville,Indiana,11964,150.691391,63.718505
Eric Harper,79,770 Kelly Turnpike,Billyfurt,Alabama,67651,22.185835,86.9123535
Shannon Erickson,73,591 Davis Ferry,Dianeside,Maryland,98367,33.424926,-85.2936885
Danielle Garcia,40,72943 Woods Summit Apt. 673,South Elizabeth,West Virginia,35488,168.220560,77.623484
Andrew Blankenship,64,5514 Dustin Island,East Jill,Wisconsin,51373,161.732237,44.614374
Joseph Robinson,34,7075 Jennifer Branch Suite 756,Danielfurt,Kentucky,06793,-30.414981,-82.808824
Stephen Love,72,40387 Christopher Square Apt. 174,Woodsview,Louisiana,36676,-28.145575,-37.798952
Billy Yoder,46,798 Dunn Passage,Brentstad,Utah,83663,-11.186159,56.749548
Brittney Allen,31,031 Julia Mission,Dannyside,Pennsylvania,17007,-161.313304,-59.0763565
Logan Cruz,20,561 Emily Lane Apt. 209,West Kathy,Vermont,39616,-24.923097,-56.547433
Amy Wright,80,7495 Aaron Crescent,Stewartton,California,74189,-82.875499,-59.452557
Maria Charles,78,27834 Melissa Cliff,Melanieport,Oregon,69479,-149.306250,69.2155185
Austin Olson,21,014 Caitlin Wells,East Kaitlynborough,Wyoming,73888,-86.326559,62.901875
Juan Russell,63,3057 Robertson Lights Apt. 853,Kellyfurt,Nebraska,40324,46.000547,5.1910125
David Miller,40,9186 Richardson Ferry,New Kathrynberg,New Hampshire,33244,131.806308,30.8917445
